"time","dangjin_floating","dangjin_warehouse","dangjin","ulsan"
"2021-02-01 01:00:00",-4.3054953026209,-6.21661968226016,-11.7273584045047,-4.773475
"2021-02-01 02:00:00",-5.82033649087201,-7.38141715730973,-11.9182703438943,-8.207353
"2021-02-01 03:00:00",-6.24972033960698,-7.43658921809192,-13.6971304626495,-5.942339
"2021-02-01 04:00:00",-5.99129360428198,-7.3856206010213,-13.3322700091726,-8.213545
"2021-02-01 05:00:00",-5.45364561792172,-7.04077664054134,-13.4430474459833,-8.018281
"2021-02-01 06:00:00",-5.14859564707001,-6.58386746700968,-14.7219682938033,-1.439967
"2021-02-01 07:00:00",-4.9716936935406,-6.95157845010405,-14.4970442763448,-3.320369
"2021-02-01 08:00:00",-4.23270538367193,-6.1422867954776,-13.0885657093731,-3.471452
"2021-02-01 09:00:00",10.2813341432532,4.27097741805078,4.34313685811966,3.205374
"2021-02-01 10:00:00",76.3630658208528,55.6592784655918,90.7099318757377,19.88664
"2021-02-01 11:00:00",183.109207161374,120.558039077327,217.620360314639,33.07385
"2021-02-01 12:00:00",210.313286444743,159.797524325434,260.698850771873,77.1526
"2021-02-01 13:00:00",131.947323264091,107.161298599515,163.191661108255,87.46339
"2021-02-01 14:00:00",175.219014990884,143.780300224891,217.324718887268,77.8837
"2021-02-01 15:00:00",148.704293650676,129.687435955763,186.577448524561,56.02315
"2021-02-01 16:00:00",74.3251405304612,57.5643206296478,80.1673855399814,50.72035
"2021-02-01 17:00:00",73.6156427320605,64.7079044949529,90.4600489453204,30.42339
"2021-02-01 18:00:00",26.8738911549935,20.4850894333278,28.5375793911341,3.603944
"2021-02-01 19:00:00",5.74988915643343,1.92456104673002,0.744983770855754,-3.351156
"2021-02-01 20:00:00",-2.27093042472399,-4.5118082932941,-8.10537199365731,-4.370518
"2021-02-01 21:00:00",-4.45664973207731,-5.76298533094015,-9.85958215817246,-4.441459
"2021-02-01 22:00:00",-4.51435149357766,-6.82377805511756,-10.4000579581596,-3.649873
"2021-02-01 23:00:00",-4.43913086874419,-7.05812753310963,-11.1561368012921,-2.98065
"2021-02-01 24:00:00",-3.92954555914952,-7.08753030881566,-11.6754700711323,-4.042081
"2021-02-02 01:00:00",-5.74448794559829,-7.36439284225746,-11.7913175618743,-3.995703
"2021-02-02 02:00:00",-5.46071704383971,-8.03107060110612,-13.1220684522306,-3.733462
"2021-02-02 03:00:00",-4.58619220663142,-7.88225882909599,-13.6297127061306,-5.24457
"2021-02-02 04:00:00",-3.9089151713372,-6.93249317097512,-11.0579137986917,-4.665516
"2021-02-02 05:00:00",-3.27677363194228,-6.66676249447141,-12.4621915240694,-4.26191
"2021-02-02 06:00:00",-3.56063979781786,-6.98710144558255,-12.0732601106829,-3.645835
"2021-02-02 07:00:00",-4.74479849013088,-7.03281701501972,-11.1466195960889,-4.651793
"2021-02-02 08:00:00",-2.71094374983079,-6.25783587432528,-10.834215332758,-2.405501
"2021-02-02 09:00:00",53.4893573217073,39.2212968113542,60.7652729149102,62.37511
"2021-02-02 10:00:00",175.775882550382,122.379030311143,213.609758995598,156.8828
"2021-02-02 11:00:00",335.732728696408,212.440022200315,366.519217770054,216.0235
"2021-02-02 12:00:00",468.918791806167,291.776075842931,490.828967631159,263.2933
"2021-02-02 13:00:00",546.849304658792,357.695766278321,581.752621230636,289.639
"2021-02-02 14:00:00",549.417138891011,395.515490362219,632.05926869387,305.5265
"2021-02-02 15:00:00",507.60763757039,403.572554641282,637.384382152908,302.2605
"2021-02-02 16:00:00",327.662351384818,295.70376326008,478.607687550019,262.0703
"2021-02-02 17:00:00",210.497552871596,201.722959414725,321.328183683288,169.4482
"2021-02-02 18:00:00",58.5793424007733,46.2186841095391,66.4795294366902,42.71797
"2021-02-02 19:00:00",4.17448032127636,-0.074438420866997,0.520392281763748,-2.963053
"2021-02-02 20:00:00",-4.1794098307371,-5.85970204915792,-9.20690162431572,-5.206909
"2021-02-02 21:00:00",-5.22791841977396,-6.00173354062505,-11.3192676144706,-5.070678
"2021-02-02 22:00:00",-3.90599125998318,-6.17202279998556,-11.502326083362,-5.049674
"2021-02-02 23:00:00",-4.70002661180411,-6.51340741176246,-13.2812014109207,-4.963612
"2021-02-02 24:00:00",-4.70134472097872,-6.70608685530222,-11.8909242065332,-5.059189
"2021-02-03 01:00:00",-4.23408729683709,-6.70540798273649,-10.3874495632818,-5.044052
"2021-02-03 02:00:00",-4.17132427741458,-6.78721825559006,-10.0041427378391,-4.552391
"2021-02-03 03:00:00",-3.4665381078495,-6.79805110542821,-10.360856988738,-4.911501
"2021-02-03 04:00:00",-1.04722444557815,-5.63934323690572,-8.0543898378919,-5.465564
"2021-02-03 05:00:00",1.18826567611649,-5.21258250251941,-7.54445038256208,-5.275847
"2021-02-03 06:00:00",0.62282412375265,-5.54650828146191,-7.9327970387331,-6.026433
"2021-02-03 07:00:00",0.957582454724971,-4.73324826609104,-7.32671640855233,-5.919657
"2021-02-03 08:00:00",1.34830824510549,-4.1840635427691,-6.46807492988123,-3.097536
"2021-02-03 09:00:00",71.9202178146496,51.1418368798402,89.7381887003221,64.09981
"2021-02-03 10:00:00",266.995054611838,172.973319166831,301.047066485707,158.9676
"2021-02-03 11:00:00",444.367751782023,283.721541838051,476.373939256521,245.6419
"2021-02-03 12:00:00",570.738909062163,373.227464477112,604.256832292049,299.3506
"2021-02-03 13:00:00",591.59643519601,431.22755223157,673.720055822102,317.5225
"2021-02-03 14:00:00",513.194079438608,429.80712291454,666.812388436357,332.649
"2021-02-03 15:00:00",439.086537575684,397.247669216684,621.960990088566,328.0275
"2021-02-03 16:00:00",372.228927253257,355.021135393214,562.524024816983,293.7375
"2021-02-03 17:00:00",200.490132133553,194.397845538433,318.099069391535,190.5858
"2021-02-03 18:00:00",42.4804882195362,36.6497609732559,55.2761741682478,57.51013
"2021-02-03 19:00:00",1.82797962685325,-1.77844495135173,-2.65832841841748,3.353697
"2021-02-03 20:00:00",-4.49746536858255,-7.05785650422304,-11.3691882649559,-2.961212
"2021-02-03 21:00:00",-5.62076455875446,-7.26904417008168,-12.0908128501165,-4.545827
"2021-02-03 22:00:00",-5.11627453128548,-6.63452765473417,-14.3258522201598,-5.119816
"2021-02-03 23:00:00",-5.04754905133238,-6.47543835538711,-14.9223467582044,-5.295957
"2021-02-03 24:00:00",-2.01443796084311,-7.71819579319038,-10.2086439202452,-5.667679
"2021-02-04 01:00:00",-2.07436883006399,-6.1317033082145,-11.2975483186528,-5.872891
"2021-02-04 02:00:00",-2.99891750057162,-5.93894836689317,-11.4695255948629,-5.897082
"2021-02-04 03:00:00",-5.86105929406331,-7.41110394121391,-13.2905572454981,-4.611105
"2021-02-04 04:00:00",-4.9591016803961,-6.78981591790964,-10.6082725547279,-4.020949
"2021-02-04 05:00:00",-4.75441440678387,-6.91439338976913,-9.96720385488032,-3.86413
"2021-02-04 06:00:00",-4.27777599976029,-7.0790688636155,-10.333845438706,-4.946318
"2021-02-04 07:00:00",-4.80255938825714,-6.85393032794191,-10.1821982835734,-2.571946
"2021-02-04 08:00:00",-3.62005748128513,-5.66850915959768,-7.60071510001413,1.012189
"2021-02-04 09:00:00",62.3278699003443,45.0198151667159,73.8550183908326,66.87493
"2021-02-04 10:00:00",210.151923842605,133.232619381436,237.905966895642,167.3449
"2021-02-04 11:00:00",393.099504791864,236.136161489474,401.531764364418,233.8151
"2021-02-04 12:00:00",529.98339313509,327.512460978215,530.320908231264,279.0874
"2021-02-04 13:00:00",589.258867050517,400.932586959669,622.838530079141,309.1384
"2021-02-04 14:00:00",594.700283938476,435.486317831726,664.459266874544,316.6111
"2021-02-04 15:00:00",550.200639835581,448.103326085513,675.490905928137,313.0319
"2021-02-04 16:00:00",453.480959163622,407.22619896478,627.113501251369,281.569
"2021-02-04 17:00:00",279.59377583417,259.895268665254,413.82562970829,184.4245
"2021-02-04 18:00:00",83.9581702202851,62.9843446001705,93.2264478442947,50.03565
"2021-02-04 19:00:00",2.08659112808068,-1.50790159058923,-2.88720196135375,0.9867241
"2021-02-04 20:00:00",-4.21551702913183,-6.10336452687737,-9.34502786547696,-4.171646
"2021-02-04 21:00:00",-4.84681403753299,-6.81055717819795,-9.78097610399496,-5.293511
"2021-02-04 22:00:00",-4.36493260873213,-6.24735416005663,-10.3447166661941,-5.543596
"2021-02-04 23:00:00",-4.37808594439872,-6.1291493810504,-10.4945055353136,-5.784055
"2021-02-04 24:00:00",-4.22601867289021,-6.03257378618126,-10.5818474260445,-5.072357
"2021-02-05 01:00:00",-4.6054824969911,-6.82598125346236,-12.4705301975729,-5.203898
"2021-02-05 02:00:00",-4.22406977362658,-6.41461966310466,-11.3215605027107,-4.839315
"2021-02-05 03:00:00",-4.77235039555417,-6.68558125783301,-12.8040648467589,-5.484917
"2021-02-05 04:00:00",-4.27801936750818,-6.11229268090621,-11.3911953108028,-5.403299
"2021-02-05 05:00:00",-3.63043877097454,-6.34264890261247,-11.2432100223571,-6.400903
"2021-02-05 06:00:00",-3.62595735389937,-6.23537747681567,-11.2564904145724,-5.934522
"2021-02-05 07:00:00",-3.84765901352601,-6.70544318121063,-12.4553434675366,-5.561469
"2021-02-05 08:00:00",-1.98831236329549,-4.46189807371698,-9.89155989798348,0.0400808
"2021-02-05 09:00:00",32.8703652896304,21.8756365526925,35.8288784278631,65.50008
"2021-02-05 10:00:00",95.8517639797406,71.6131434325881,116.755482429255,158.7463
"2021-02-05 11:00:00",222.879473576146,152.604429244767,267.470005471797,225.1999
"2021-02-05 12:00:00",410.637602687437,256.904087126231,446.574171773918,276.9499
"2021-02-05 13:00:00",476.692546620178,335.648963287313,546.499382564043,292.6323
"2021-02-05 14:00:00",447.387812366792,362.778438388588,564.419456372418,275.8517
"2021-02-05 15:00:00",371.446074534203,330.02774780232,512.249139724477,247.8679
"2021-02-05 16:00:00",302.053452265651,282.762390333662,440.212051440388,216.9034
"2021-02-05 17:00:00",155.754374158078,136.741103731281,219.867676423491,107.7418
"2021-02-05 18:00:00",34.8957127415506,21.438474037557,34.8534994299482,20.24897
"2021-02-05 19:00:00",0.608048738362854,-3.44283010497894,-3.2592846221097,-4.58497
"2021-02-05 20:00:00",-5.79201391696903,-6.84342474552544,-8.96658579743692,-5.16329
"2021-02-05 21:00:00",-5.71452595280628,-7.73409549871994,-10.5013179365637,-5.280411
"2021-02-05 22:00:00",-6.16354778210344,-7.6051147708815,-10.8145970430511,-5.950367
"2021-02-05 23:00:00",-6.1581259405872,-7.20351406278328,-10.9159873586569,-5.530765
"2021-02-05 24:00:00",-6.00074817379554,-7.16579554142871,-10.9443052777638,-5.08394
"2021-02-06 01:00:00",-5.85527840043171,-7.05966958614067,-10.980422571294,-4.410489
"2021-02-06 02:00:00",-5.72784152204416,-7.16460359074065,-10.7115969708896,-3.810364
"2021-02-06 03:00:00",-5.80070727999585,-7.03234679627974,-10.3735252501317,-4.371118
"2021-02-06 04:00:00",-6.18152825053319,-8.04669920336789,-12.7667077157551,-5.239621
"2021-02-06 05:00:00",-6.39516663700756,-7.70515887006222,-13.2707601306411,-6.089128
"2021-02-06 06:00:00",-6.24044716659633,-7.79493858396913,-13.6109774379609,-6.575365
"2021-02-06 07:00:00",-6.52371334953482,-7.66612368780665,-13.7394167740985,-6.535691
"2021-02-06 08:00:00",-2.68891167555216,-5.29720979018163,-10.1224462541666,-3.117985
"2021-02-06 09:00:00",3.00632988114437,-1.27588310646536,-3.58524095584707,63.5731
"2021-02-06 10:00:00",19.6004622017341,11.397415003406,16.496723052826,160.5819
"2021-02-06 11:00:00",63.3985076242437,49.363197594422,72.0262509648206,219.746
"2021-02-06 12:00:00",107.358735747375,87.6554953464511,131.28338968189,260.6007
"2021-02-06 13:00:00",139.252069387228,119.030878583655,176.063818759309,282.8468
"2021-02-06 14:00:00",185.682137407224,158.254903799258,235.685663734002,283.0268
"2021-02-06 15:00:00",123.270675072726,111.814714380633,161.376453693349,267.3824
"2021-02-06 16:00:00",93.7206367103956,88.157356328398,125.27509616733,228.6461
"2021-02-06 17:00:00",45.6562186357435,36.3992536002418,54.1408495744744,134.7071
"2021-02-06 18:00:00",9.71511452648814,3.08127341510642,3.84675226601223,22.80542
"2021-02-06 19:00:00",1.99066122817806,-3.07808872566815,-6.843957264285,-2.02874
"2021-02-06 20:00:00",-2.29725788438093,-6.03627995333171,-12.0242645159965,-3.137097
"2021-02-06 21:00:00",-3.47635118868085,-6.70224908550142,-13.3725232295392,-3.569453
"2021-02-06 22:00:00",-3.49093100441463,-6.69400541825343,-13.6503505717533,-5.407483
"2021-02-06 23:00:00",-4.12186425496309,-6.97302495623008,-14.0188351159354,-5.953661
"2021-02-06 24:00:00",-4.73932650987196,-7.20065242530831,-14.4698720976996,-5.936508
"2021-02-07 01:00:00",-5.3916828735541,-7.37633198449261,-14.6832026292559,-5.312661
"2021-02-07 02:00:00",-6.00557733889026,-7.49634252304267,-15.3479413605945,-4.213182
"2021-02-07 03:00:00",-6.70511534605232,-7.58767217536879,-15.9726381602195,-4.312147
"2021-02-07 04:00:00",-6.09857928023438,-5.8810602395224,-13.0556786407573,-4.257856
"2021-02-07 05:00:00",-5.82315357236466,-5.65384052177673,-12.8898831143688,-4.171712
"2021-02-07 06:00:00",-6.05756754810425,-5.45658270565866,-12.8752767062731,-4.284557
"2021-02-07 07:00:00",-5.78380980396464,-5.62003515335915,-13.2750584272538,-4.432417
"2021-02-07 08:00:00",-2.3834170910774,-4.05501858161645,-11.8013931588627,-1.728877
"2021-02-07 09:00:00",7.66917077160662,3.02316600565473,1.26446843032028,38.42828
"2021-02-07 10:00:00",39.0141733111653,26.3646338340155,41.6211369832192,120.0717
"2021-02-07 11:00:00",59.2048605036651,41.9702563366151,67.593923474327,194.6779
"2021-02-07 12:00:00",120.658513946127,88.9557550473736,148.236059639348,243.8994
"2021-02-07 13:00:00",271.999326411295,179.472017727236,325.539147773729,274.5339
"2021-02-07 14:00:00",409.749811806382,261.810498452932,462.617551109217,282.3036
"2021-02-07 15:00:00",422.472836249237,297.477230558979,501.345532648227,272.041
"2021-02-07 16:00:00",313.703192420569,258.778367451382,427.67333222815,231.5927
"2021-02-07 17:00:00",152.217421855695,136.06387345876,223.973134299425,125.782
"2021-02-07 18:00:00",23.6951375938271,16.073343855771,28.7851471106329,24.25232
"2021-02-07 19:00:00",-1.31781255387382,-4.47368734489559,-5.78747375144289,-2.154066
"2021-02-07 20:00:00",-5.26613948348893,-7.30084020443957,-11.1416528916092,-4.993824
"2021-02-07 21:00:00",-5.78394165648358,-7.36038906710642,-11.9768909419644,-5.636371
"2021-02-07 22:00:00",-4.16860781134335,-7.22575691213562,-12.0791346710418,-6.147508
"2021-02-07 23:00:00",-4.94752606099594,-7.80552484214074,-12.284820482288,-6.110692
"2021-02-07 24:00:00",-5.01466674974931,-7.88881709093866,-12.4444224276648,-6.362181
"2021-02-08 01:00:00",-5.19708007616693,-7.94538816216297,-12.3202424422181,-4.927496
"2021-02-08 02:00:00",-5.15843417457351,-7.95358540670748,-12.4664232331417,-5.428497
"2021-02-08 03:00:00",-5.81874363384826,-7.9683024171518,-12.3045294834375,-6.119547
"2021-02-08 04:00:00",-5.08637576545077,-6.79627522368268,-10.0645340262054,-7.575401
"2021-02-08 05:00:00",-4.75696496375555,-6.79620024229898,-10.0216055277901,-5.864882
"2021-02-08 06:00:00",-5.20309297092749,-6.5711224322847,-10.1863189471674,-5.265586
"2021-02-08 07:00:00",-4.3581017332782,-6.90755019263247,-10.3611476401736,-4.666503
"2021-02-08 08:00:00",-1.59868004657648,-5.16327861663385,-7.85053382704729,-2.34996
"2021-02-08 09:00:00",61.0977123600618,46.4835132742075,73.5558441150715,81.37783
"2021-02-08 10:00:00",187.694801722768,128.021686329996,228.196200497699,174.7865
"2021-02-08 11:00:00",338.354027550042,209.295028271282,363.833104544225,229.339
"2021-02-08 12:00:00",475.771266657691,288.480344373067,485.095844988563,266.6228
"2021-02-08 13:00:00",563.694178654123,354.429387548516,578.594024743169,296.6088
"2021-02-08 14:00:00",583.713654826082,398.786155221709,636.078228248821,308.417
"2021-02-08 15:00:00",542.900297943982,412.031224949303,648.877367826197,305.1862
"2021-02-08 16:00:00",433.692221798618,372.365430181322,591.880993552682,277.6357
"2021-02-08 17:00:00",243.299102014693,234.885727433541,384.327566226603,189.2243
"2021-02-08 18:00:00",61.0030871087356,59.7794999199162,91.6171057149271,51.16051
"2021-02-08 19:00:00",0.84610202338547,-1.29703863590241,-1.76058712638559,-4.116361
"2021-02-08 20:00:00",-4.42722260054293,-6.48075920515808,-10.1198267653197,-5.565181
"2021-02-08 21:00:00",-4.30105592802292,-6.73199753987309,-10.7669471366174,-5.448825
"2021-02-08 22:00:00",-5.07057575137921,-6.46131959403863,-10.5810702590983,-5.068434
"2021-02-08 23:00:00",-4.47178266366079,-6.62267473590047,-10.7862205777598,-5.219734
"2021-02-08 24:00:00",-4.97205867105357,-6.42060872616071,-10.6539267586052,-5.047255
"2021-02-09 01:00:00",-4.90301638454436,-6.85311016330542,-9.73335665408797,-5.81946
"2021-02-09 02:00:00",-4.93000504172234,-6.9257926103858,-9.67299688963641,-5.151953
"2021-02-09 03:00:00",-4.64681453198904,-6.37759604029903,-8.98331514925178,-5.334286
"2021-02-09 04:00:00",-4.02175247768756,-6.73353380750243,-9.82997422000494,-4.855562
"2021-02-09 05:00:00",-3.58266839195468,-6.47488158822988,-10.064074753747,-5.247838
"2021-02-09 06:00:00",-3.71323234888314,-6.38941861561396,-10.0638810620122,-5.361177
"2021-02-09 07:00:00",-3.32110316549741,-6.9903287401723,-10.8649728663912,-5.441269
"2021-02-09 08:00:00",-0.949262606691178,-4.50073202640623,-7.58883035995794,-1.740016
"2021-02-09 09:00:00",87.0352081464709,63.5639079121003,111.065088281398,78.16964
"2021-02-09 10:00:00",232.87796162905,156.654637426715,280.201969100185,180.8506
"2021-02-09 11:00:00",395.86102381985,253.357405819909,435.416225301627,244.6835
"2021-02-09 12:00:00",521.952417065094,342.318447365231,561.606101369705,290.8384
"2021-02-09 13:00:00",581.472923837388,412.364904896729,648.442972047515,315.3126
"2021-02-09 14:00:00",583.181293488044,454.235167746933,691.968425112016,320.5623
"2021-02-09 15:00:00",540.575847074411,458.607052130852,689.514400788483,320.5576
"2021-02-09 16:00:00",441.321631361265,406.63999048345,624.413280953326,294.2474
"2021-02-09 17:00:00",256.95858583841,254.329911381448,407.360547412574,202.9773
"2021-02-09 18:00:00",62.5092511879681,63.2093477027872,91.4507138669839,62.1954
"2021-02-09 19:00:00",0.551996686882163,-1.54311707189257,-2.08729441254215,0.9244665
"2021-02-09 20:00:00",-5.83416493555727,-7.15935505956786,-11.0653149287158,-4.298786
"2021-02-09 21:00:00",-4.97294089501671,-6.11657391818039,-9.37782330282073,-4.410645
"2021-02-09 22:00:00",-4.9006837114473,-5.9076132793755,-9.38829346398461,-4.437215
"2021-02-09 23:00:00",-4.41991929411607,-6.00289501015931,-9.94628217687745,-4.660905
"2021-02-09 24:00:00",-4.49899255696094,-5.90554634784954,-9.87054254146386,-4.847013
"2021-02-10 01:00:00",-4.43278018878779,-5.88217143671575,-10.0414907435186,-5.452444
"2021-02-10 02:00:00",-4.40279184640946,-5.97128189169663,-10.4463006940461,-5.233641
"2021-02-10 03:00:00",-4.01587570507186,-5.86753856264487,-10.9464242561681,-5.778488
"2021-02-10 04:00:00",-3.626200343965,-5.73984159044358,-11.2723079043958,-5.585174
"2021-02-10 05:00:00",-3.70708241018386,-5.95834631199718,-11.5632295150989,-4.960882
"2021-02-10 06:00:00",-3.78413576477205,-5.69496266389415,-11.4072760153359,-6.107839
"2021-02-10 07:00:00",-3.76283534717301,-5.41903798077189,-11.3954831056368,-6.025816
"2021-02-10 08:00:00",-2.57122655007528,-4.21030462486587,-9.7417804470866,-0.07193304
"2021-02-10 09:00:00",29.2616965897258,19.1729022386331,30.912908975521,67.66043
"2021-02-10 10:00:00",110.50327491223,82.5900115937917,137.338030460732,169.5225
"2021-02-10 11:00:00",235.266253405467,166.740821605308,288.618152784099,230.1752
"2021-02-10 12:00:00",308.682228585799,235.443955384248,387.038011358653,272.9789
"2021-02-10 13:00:00",267.7809720073,229.653477666759,358.898940515972,288.9596
"2021-02-10 14:00:00",238.595098307404,217.027536946869,327.896236728384,298.2892
"2021-02-10 15:00:00",218.720045351414,206.265171791897,304.455123320064,297.4033
"2021-02-10 16:00:00",177.194617359938,168.171808761495,247.816237657146,262.8421
"2021-02-10 17:00:00",81.9381224732051,69.2491772012666,109.878981397708,166.5867
"2021-02-10 18:00:00",22.1520216996281,13.3646719714271,21.9006461367404,40.52603
"2021-02-10 19:00:00",1.85715112091492,-2.13338490455642,-5.6728138155805,1.852936
"2021-02-10 20:00:00",-3.49910935764389,-5.85063627817031,-12.0226509772209,-4.602539
"2021-02-10 21:00:00",-4.2962296247925,-6.32639727830448,-13.0530259377999,-4.177305
"2021-02-10 22:00:00",-4.40852620880835,-6.05062451443339,-12.9344337264657,-3.542249
"2021-02-10 23:00:00",-4.68269729265864,-5.75456450735959,-13.6056730583079,-3.751451
"2021-02-10 24:00:00",-4.80944640485565,-5.75731829309136,-13.8801350030623,-3.473568
"2021-02-11 01:00:00",-4.71535233612411,-5.46678928552727,-13.9118726888522,-3.705487
"2021-02-11 02:00:00",-4.78704690526338,-5.71649608234728,-14.0019481780499,-2.881217
"2021-02-11 03:00:00",-4.8082334944163,-5.61602989847891,-13.3622236077632,-3.303917
"2021-02-11 04:00:00",-4.8089624507881,-5.46356666091171,-13.4647952913249,-3.534448
"2021-02-11 05:00:00",-5.06742796942009,-6.09339781417967,-15.1475058893932,-5.159692
"2021-02-11 06:00:00",-4.89349947767772,-5.38716360677024,-14.1582568893379,-5.475174
"2021-02-11 07:00:00",-4.98696743001155,-5.27889915107245,-14.0164660387991,-4.355844
"2021-02-11 08:00:00",-2.26001203283187,-3.80044206537252,-11.3390805265119,2.906141
"2021-02-11 09:00:00",30.4978529955562,20.2065558164844,31.4769390890015,65.56081
"2021-02-11 10:00:00",133.581339567634,93.762646453663,167.878872131311,141.7829
"2021-02-11 11:00:00",269.613595537605,174.899436903602,317.784162119136,196.3571
"2021-02-11 12:00:00",409.290886459903,262.353292433499,453.580990290077,231.4252
"2021-02-11 13:00:00",450.868943649109,310.226944107773,515.252175500682,246.3683
"2021-02-11 14:00:00",450.094534619401,340.598979203963,543.38481263091,245.4364
"2021-02-11 15:00:00",392.995166544695,330.757649759107,519.078490219457,215.6772
"2021-02-11 16:00:00",248.879445279178,225.868492352656,368.445245030958,163.7248
"2021-02-11 17:00:00",92.787454015557,76.8090874427478,131.974838565522,85.6516
"2021-02-11 18:00:00",16.9910158441771,8.81111523613492,17.813334275997,14.76448
"2021-02-11 19:00:00",-1.31621550914903,-3.99825700553235,-5.56870868612202,-1.704246
"2021-02-11 20:00:00",-4.19332008662995,-5.7749821920376,-9.73736046994335,-3.798959
"2021-02-11 21:00:00",-4.54088466591941,-5.98141120878667,-10.8599585375411,-4.944678
"2021-02-11 22:00:00",-4.65226687848222,-6.02687113949004,-11.5899413036476,-5.992518
"2021-02-11 23:00:00",-4.91749667891986,-5.89377872637542,-12.4624372209902,-6.479959
"2021-02-11 24:00:00",-4.70319678625363,-5.73395393196553,-12.6424304571155,-6.456293
"2021-02-12 01:00:00",-4.91303883016094,-5.6190137341422,-12.7151883155363,-5.497869
"2021-02-12 02:00:00",-5.05824651977636,-5.57363448104346,-13.3870635129901,-6.732013
"2021-02-12 03:00:00",-5.67612230867378,-5.68168249873254,-13.6916757487467,-7.182815
"2021-02-12 04:00:00",-5.77545443170602,-5.70706142361669,-13.8709380103097,-7.219834
"2021-02-12 05:00:00",-5.63856302932986,-5.90899957651146,-14.3608416544413,-7.973182
"2021-02-12 06:00:00",-5.88700628960957,-5.81457465517435,-13.9234500712934,-6.360536
"2021-02-12 07:00:00",-5.88844412934368,-5.80345832816101,-14.0165951819199,-7.515667
"2021-02-12 08:00:00",-2.0625074880591,-3.6175939720243,-10.348243641713,-2.126159
"2021-02-12 09:00:00",64.1239392041233,47.5377059748366,78.6538724596934,43.41193
"2021-02-12 10:00:00",180.845797702673,125.751245104677,225.507367468175,127.6552
"2021-02-12 11:00:00",311.812539825761,196.725219481836,348.55871424593,168.5329
"2021-02-12 12:00:00",451.653267166698,275.107047178699,468.024005471726,228.1305
"2021-02-12 13:00:00",521.99551096185,328.80808828913,537.052437840645,256.3322
"2021-02-12 14:00:00",530.613673925027,353.914667717469,559.704331973795,281.5765
"2021-02-12 15:00:00",477.63692320483,353.292758842535,550.989700723258,278.6166
"2021-02-12 16:00:00",362.004524397869,307.193872525292,483.47092470715,241.7206
"2021-02-12 17:00:00",180.2615033438,155.866447819773,257.007825548133,162.7019
"2021-02-12 18:00:00",41.424918418452,27.7531594703482,47.3084100854954,37.39613
"2021-02-12 19:00:00",2.64444070766558,-1.55493961991317,-1.8447952339894,-1.309888
"2021-02-12 20:00:00",-3.12723874532297,-5.60306811632312,-10.3379423269065,-4.935949
"2021-02-12 21:00:00",-4.23038182715582,-5.77165751689513,-11.9143461598002,-6.113895
"2021-02-12 22:00:00",-4.50582811225728,-5.69460261938873,-12.4185753879374,-6.076874
"2021-02-12 23:00:00",-5.00954629759201,-5.77396118878943,-13.3957185163413,-7.246167
"2021-02-12 24:00:00",-5.54742748039052,-5.8505488926782,-13.8496410668455,-7.697866
"2021-02-13 01:00:00",-5.85669908122004,-5.88847782863571,-13.9929445987782,-7.166387
"2021-02-13 02:00:00",-4.85526084049671,-5.86970950089946,-13.8524455630271,-7.942594
"2021-02-13 03:00:00",-4.71897056035237,-5.92500140537744,-13.1196462440564,-8.358787
"2021-02-13 04:00:00",-5.05623439670526,-6.14666606237125,-14.1699520094543,-8.572038
"2021-02-13 05:00:00",-5.88710488623092,-6.4609637026112,-14.6836871908984,-8.96672
"2021-02-13 06:00:00",-5.71408823901886,-6.27346210558891,-14.7809875818719,-8.949527
"2021-02-13 07:00:00",-4.6423497072839,-4.93799314820671,-12.0741225328766,-8.597362
"2021-02-13 08:00:00",-0.283781988655619,-2.73996787304165,-8.73052043153569,-3.811497
"2021-02-13 09:00:00",70.9704440883059,51.6364796563328,85.3201965181472,62.50643
"2021-02-13 10:00:00",188.842171338804,125.70421405628,221.334040937334,152.8278
"2021-02-13 11:00:00",340.651241892081,204.969670758396,365.28361698041,207.9137
"2021-02-13 12:00:00",461.568717647971,274.808134348364,470.045153445511,246.7134
"2021-02-13 13:00:00",522.398257393447,321.87594463229,528.724832908232,272.8445
"2021-02-13 14:00:00",522.902784859102,340.400175133753,542.626610043309,272.031
"2021-02-13 15:00:00",478.495938997694,333.306449306742,522.846264084074,266.3998
"2021-02-13 16:00:00",378.824899061894,281.37158846255,448.158427570709,231.1579
"2021-02-13 17:00:00",219.888164331917,158.34495969155,272.616477968307,143.5367
"2021-02-13 18:00:00",58.5418654322856,30.8960832474851,61.8943695319771,33.18971
"2021-02-13 19:00:00",4.1518424968672,-1.4084280113547,-0.519777125130361,-0.08941051
"2021-02-13 20:00:00",-3.64813737462212,-5.99763758081941,-9.64046612924309,-5.092402
"2021-02-13 21:00:00",-4.74045746236651,-6.39568087348279,-11.2922535179371,-4.512074
"2021-02-13 22:00:00",-5.44920708986385,-5.82438392236736,-10.0562637572381,-6.098007
"2021-02-13 23:00:00",-5.73863260711299,-6.13900429591988,-9.73914188826271,-5.966163
"2021-02-13 24:00:00",-7.30460978262501,-6.90155924492298,-11.2191752633581,-5.746557
"2021-02-14 01:00:00",-7.00695149335148,-7.43268108299621,-11.405422609799,-6.245708
"2021-02-14 02:00:00",-6.87532163175918,-7.66932270941436,-11.4742118335571,-6.134657
"2021-02-14 03:00:00",-5.9043508611514,-7.52058558715137,-11.7309674692854,-6.325181
"2021-02-14 04:00:00",-6.20477573462595,-7.38500560675978,-11.903832055849,-5.722687
"2021-02-14 05:00:00",-6.61738316445827,-7.30983700843471,-12.169020418194,-7.451449
"2021-02-14 06:00:00",-6.674291609843,-7.80417591984624,-12.8126878687235,-8.052854
"2021-02-14 07:00:00",-5.87214902243024,-6.2367317936688,-11.9126656140837,-7.736763
"2021-02-14 08:00:00",-4.36511934819764,-4.89137176045958,-10.3700357784686,-2.625431
"2021-02-14 09:00:00",27.2152052004321,17.3728359582869,26.1295426349352,21.2527
"2021-02-14 10:00:00",131.101202911605,93.8058269214586,159.238593746512,61.38764
"2021-02-14 11:00:00",204.528482513204,148.859721238487,242.103748578324,105.0044
"2021-02-14 12:00:00",212.973018342593,168.502496531579,258.203469614267,76.20144
"2021-02-14 13:00:00",182.322203170424,137.280899914181,210.932033974893,117.2617
"2021-02-14 14:00:00",177.149252683933,142.862770048844,209.854304484768,102.9183
"2021-02-14 15:00:00",201.758157158304,163.47253043515,238.662822986126,82.64351
"2021-02-14 16:00:00",116.668179306239,87.9262943765588,135.623498025585,91.22985
"2021-02-14 17:00:00",55.6782509437576,35.2983436153795,62.626746001005,60.02417
"2021-02-14 18:00:00",16.1908678247142,5.29020028058628,14.0277062467955,19.41885
"2021-02-14 19:00:00",0.182486528939137,-4.98349221990786,-5.15194649351298,2.108522
"2021-02-14 20:00:00",-4.25610793361342,-7.33752911805698,-10.0192132458916,-5.935473
"2021-02-14 21:00:00",-5.44054765154782,-7.56811582842693,-11.3272691908065,-6.315661
"2021-02-14 22:00:00",-4.92373226494966,-7.84113529238807,-11.3031700814483,-7.297642
"2021-02-14 23:00:00",-7.13256133608026,-7.79500069874594,-11.4124263634359,-8.17181
"2021-02-14 24:00:00",-6.13507114395985,-7.87342674835935,-12.3844873893006,-5.679894
"2021-02-15 01:00:00",-6.23130160934359,-7.51144536900962,-11.9842888986981,-7.366312
"2021-02-15 02:00:00",-6.82070116919421,-8.12338852749654,-12.1689556833271,-6.271186
"2021-02-15 03:00:00",-7.44542218703357,-8.01010000886755,-12.2233398767166,-6.485394
"2021-02-15 04:00:00",-8.20703168067421,-7.93087527016803,-12.5875971250453,-6.778459
"2021-02-15 05:00:00",-8.21985040214211,-7.94184664226822,-12.9208662639591,-6.782674
"2021-02-15 06:00:00",-7.95549176483739,-7.96817743259339,-14.1744230518339,-6.574181
"2021-02-15 07:00:00",-4.73147882223593,-7.75100714674093,-12.6389678979599,-6.477585
"2021-02-15 08:00:00",-2.90156733752553,-4.81462617132834,-8.75074832003753,-0.6887881
"2021-02-15 09:00:00",0.774407128899085,-2.90197081664431,-5.05061959385287,15.3172
"2021-02-15 10:00:00",12.9152500064036,6.69933632594001,10.7050808509525,43.56364
"2021-02-15 11:00:00",85.3553311450503,65.5329258396639,100.998939771931,113.7589
"2021-02-15 12:00:00",238.101553648155,145.092019096315,266.253643796978,155.8858
"2021-02-15 13:00:00",445.229221175499,242.862659877419,431.406622022015,183.8258
"2021-02-15 14:00:00",521.722719047201,299.19150871487,517.834385121567,204.3175
"2021-02-15 15:00:00",429.207437020096,295.787231072045,494.713566216141,219.8381
"2021-02-15 16:00:00",414.819615388004,301.802507916176,497.299324819391,204.797
"2021-02-15 17:00:00",277.539150588793,236.743614625898,389.669086989205,172.4852
"2021-02-15 18:00:00",94.7857382034639,71.300694894629,118.262210235619,43.78857
"2021-02-15 19:00:00",5.90076514161984,0.673899065671634,2.90076180783976,-1.430775
"2021-02-15 20:00:00",-4.87904944875648,-7.65471387333361,-10.0652176489802,-0.8518254
"2021-02-15 21:00:00",-4.77337374524072,-7.52091850127827,-11.6351380123926,-2.931006
"2021-02-15 22:00:00",-5.19645480396883,-8.12329673954928,-11.7920806296054,-2.646545
"2021-02-15 23:00:00",-5.18932037396173,-8.1524702863117,-11.9723109634257,-4.206352
"2021-02-15 24:00:00",-4.90315303313758,-7.81987796900044,-11.9447005165447,-4.353213
"2021-02-16 01:00:00",-5.80938181633708,-8.41682062836372,-11.572647499271,-4.930033
"2021-02-16 02:00:00",-6.1918280559096,-8.50729998275692,-11.4447136942351,-5.047126
"2021-02-16 03:00:00",-5.89949154427755,-8.53230271596922,-11.6236578013761,-5.024202
"2021-02-16 04:00:00",-6.92478025124213,-8.75052257746853,-10.8571576591943,-5.278792
"2021-02-16 05:00:00",-5.51187090949919,-7.54211045385766,-8.74382634940733,-5.27645
"2021-02-16 06:00:00",-5.06457308784319,-7.28668840377014,-9.19835464686534,-5.388532
"2021-02-16 07:00:00",-4.27707563854132,-6.96793724357596,-9.14199212920937,-5.659484
"2021-02-16 08:00:00",1.24462134359318,-2.34595823209159,-2.05942132837765,0.2365309
"2021-02-16 09:00:00",78.9041627439449,56.0720118620708,92.8256351678942,87.07498
"2021-02-16 10:00:00",181.712675820398,124.910522833337,207.940214490921,181.7385
"2021-02-16 11:00:00",321.210258969812,211.270359369806,343.764367040425,241.8994
"2021-02-16 12:00:00",390.466530708443,272.889227184314,426.877087108752,293.587
"2021-02-16 13:00:00",314.498154319406,240.663954316568,378.173340505807,313.4884
"2021-02-16 14:00:00",213.642499682015,143.196536644562,225.254653368689,320.7258
"2021-02-16 15:00:00",183.390411406428,135.250100625769,203.297494119168,304.9389
"2021-02-16 16:00:00",210.337946592368,170.488402592677,260.28670790874,275.0415
"2021-02-16 17:00:00",239.192229975986,194.667211643046,296.439204974862,191.1029
"2021-02-16 18:00:00",81.7189152119543,60.1751101794698,93.0720321348983,46.72672
"2021-02-16 19:00:00",1.17113520386944,-2.45799402312709,-2.40989034617954,-0.2226964
"2021-02-16 20:00:00",-4.68474799189575,-7.93038538484547,-12.2129799839515,-3.291464
"2021-02-16 21:00:00",-4.05780393150802,-7.43847501617937,-11.2470380490452,-4.279557
"2021-02-16 22:00:00",-3.82846610692405,-7.08597373826498,-11.1099598612909,-4.33962
"2021-02-16 23:00:00",-4.02369885287173,-7.26538887977848,-10.8319735135607,-5.166996
"2021-02-16 24:00:00",-3.66144001332407,-6.16932702274192,-10.1114035381559,-4.56885
"2021-02-17 01:00:00",-2.96465849510977,-5.87877390452059,-12.0374987253868,-4.7465
"2021-02-17 02:00:00",-3.86920029156056,-7.05853928702824,-11.6614331767009,-5.308947
"2021-02-17 03:00:00",-3.88905802251074,-7.12111054690531,-11.9461080111637,-5.42646
"2021-02-17 04:00:00",-3.35433036936365,-6.49866413098968,-12.3969076180261,-5.307218
"2021-02-17 05:00:00",-3.64463687925273,-6.80019162434721,-11.9609969529017,-5.320684
"2021-02-17 06:00:00",-3.53130413708509,-6.69559811159651,-11.780648529801,-5.826185
"2021-02-17 07:00:00",-3.81945742029443,-6.80616361147416,-11.3584808768533,-5.305885
"2021-02-17 08:00:00",0.875345098114394,-3.24788459756833,-4.92032555425374,1.068494
"2021-02-17 09:00:00",43.7046057311898,32.0219198977625,50.1570269828469,85.48378
"2021-02-17 10:00:00",126.257243075291,92.323196973112,155.830191592824,180.6669
"2021-02-17 11:00:00",260.847528931535,170.337134889603,290.800642173395,238.1709
"2021-02-17 12:00:00",408.983096999074,249.938847621735,414.36768193845,267.3178
"2021-02-17 13:00:00",461.280136295135,301.63862103275,484.00658114817,300.3967
"2021-02-17 14:00:00",566.297310655337,361.162103156165,578.24130002317,326.6151
"2021-02-17 15:00:00",535.511444873042,385.414051315617,614.162907364723,331.3149
"2021-02-17 16:00:00",405.354456922843,336.92835395806,541.012280122417,311.4621
"2021-02-17 17:00:00",255.867664924923,222.551663150492,362.468449290463,250.6724
"2021-02-17 18:00:00",76.5738846610053,64.3044374004982,100.764002404651,102.7288
"2021-02-17 19:00:00",4.99349986013603,2.48026468212738,4.2551793505385,9.647378
"2021-02-17 20:00:00",-3.11352547166018,-5.67169203267586,-8.56550830978486,-3.807534
"2021-02-17 21:00:00",-3.15225680345706,-5.55400515346497,-10.4713518589539,-5.110594
"2021-02-17 22:00:00",-3.95096737484188,-6.88682239599403,-10.6643947311493,-5.816678
"2021-02-17 23:00:00",-4.10727181597277,-7.17453055549278,-10.7143114600514,-5.712849
"2021-02-17 24:00:00",-3.87384928900046,-6.60544312344861,-10.7754738435525,-5.789145
"2021-02-18 01:00:00",-4.04645094024337,-6.88381349515086,-10.4759612053662,-5.819111
"2021-02-18 02:00:00",-4.07875994139206,-7.27702179962752,-10.7143956151629,-5.365291
"2021-02-18 03:00:00",-4.18179815737045,-7.57130338577885,-10.81645490703,-6.011446
"2021-02-18 04:00:00",-3.946777012241,-7.39041868445439,-10.8342183411061,-5.644378
"2021-02-18 05:00:00",-4.16781152548397,-7.67427414142425,-10.7394267485148,-4.76226
"2021-02-18 06:00:00",-4.02551237177663,-7.55887539767778,-11.2699392318921,-4.970508
"2021-02-18 07:00:00",-4.27645059672415,-7.55333628677046,-10.967949936476,-5.326856
"2021-02-18 08:00:00",3.38369826583151,-2.27296937369567,-2.15865377538267,1.309326
"2021-02-18 09:00:00",76.8003449394394,57.8718270717251,93.8653550875346,87.84086
"2021-02-18 10:00:00",200.373331449782,134.818697024794,235.856409414535,182.1819
"2021-02-18 11:00:00",384.62465260993,225.717425033876,393.152195631735,256.0638
"2021-02-18 12:00:00",529.03870751628,303.413180737978,510.6107572734,294.5921
"2021-02-18 13:00:00",573.114448970807,358.222797057669,580.559565500991,327.5808
"2021-02-18 14:00:00",601.979232933611,406.970213691114,643.096482816197,340.2247
"2021-02-18 15:00:00",537.630811194326,409.831233083388,638.522923157863,339.4624
"2021-02-18 16:00:00",474.882648966531,393.350567504021,611.849968167163,313.4494
"2021-02-18 17:00:00",288.792191875198,254.695328889914,412.333360170865,255.2364
"2021-02-18 18:00:00",100.285893381299,79.972860293274,126.367348649477,121.0361
"2021-02-18 19:00:00",4.77448372510958,1.08668388255076,0.922085452578756,29.90167
"2021-02-18 20:00:00",-4.71315216734673,-5.92918162917019,-8.74466183205448,-0.760924
"2021-02-18 21:00:00",-5.59042817500502,-6.41244869964471,-9.6760850874152,-4.01563
"2021-02-18 22:00:00",-5.17081901449185,-6.54682205135865,-9.43504342921253,-5.006315
"2021-02-18 23:00:00",-4.60051291674372,-6.60148547373252,-9.82543538891906,-5.46453
"2021-02-18 24:00:00",-4.30651957551602,-6.61970167398553,-10.1578708973875,-5.368665
"2021-02-19 01:00:00",-3.9276152819582,-6.74285161295714,-10.6442281080704,-5.63385
"2021-02-19 02:00:00",-3.95292177511102,-7.33816470725284,-11.9294085899412,-5.725369
"2021-02-19 03:00:00",-3.16220139746761,-7.35291405174274,-11.5374132784616,-5.701545
"2021-02-19 04:00:00",-2.89922319558562,-7.44438589765446,-11.3989153321845,-5.721791
"2021-02-19 05:00:00",-2.26233648948917,-7.17424047761376,-11.0258688180878,-5.793149
"2021-02-19 06:00:00",-2.10665607191241,-7.18493196847274,-11.0067155391884,-5.629568
"2021-02-19 07:00:00",-2.57351768819233,-7.16042747356809,-11.045926029175,-5.28329
"2021-02-19 08:00:00",8.12254026942576,1.38025964289523,3.35966414505489,0.7951916
"2021-02-19 09:00:00",104.237946632358,76.2738381388371,129.178997148058,99.91381
"2021-02-19 10:00:00",230.474449270303,156.034540678349,274.417146624994,191.6366
"2021-02-19 11:00:00",388.058762691687,238.155724587645,421.850742708947,248.6215
"2021-02-19 12:00:00",513.816430473713,316.641497325301,540.166082665907,284.4895
"2021-02-19 13:00:00",579.565797612775,382.717325913447,622.256284598582,313.3182
"2021-02-19 14:00:00",585.775032063544,421.865807046091,661.099590672434,319.7173
"2021-02-19 15:00:00",542.988711362898,433.571659556398,662.249094619936,310.9863
"2021-02-19 16:00:00",437.759837815611,389.122736105728,599.960080580513,275.9748
"2021-02-19 17:00:00",270.430769029755,261.658564917757,418.789192697365,207.6262
"2021-02-19 18:00:00",84.6297532166893,80.6363780749715,128.634020200391,75.06109
"2021-02-19 19:00:00",5.31898082703859,2.40152803981239,2.7835598457803,3.001107
"2021-02-19 20:00:00",-2.14809915593608,-5.33145826206274,-10.451442112306,-2.534819
"2021-02-19 21:00:00",-3.49601036517157,-6.54340977962572,-12.4523899823755,-2.016506
"2021-02-19 22:00:00",-4.21059228920085,-7.23169487721192,-13.0305986446585,-2.618788
"2021-02-19 23:00:00",-4.06907516665073,-7.16883831535937,-12.9660813848312,-1.142582
"2021-02-19 24:00:00",-4.25090252509031,-7.27118797685755,-13.0506013329747,-1.85923
"2021-02-20 01:00:00",-3.74089981097333,-6.8857530847946,-12.75854105776,-1.916266
"2021-02-20 02:00:00",-4.19137639671247,-7.25422520491371,-13.0244596034598,-4.003297
"2021-02-20 03:00:00",-4.45312428661207,-7.68498829645414,-12.8037567050833,-4.359541
"2021-02-20 04:00:00",-4.66909893499134,-7.77322017594592,-12.4184221829834,-2.239007
"2021-02-20 05:00:00",-5.73217632618805,-8.09848203369152,-12.7678772591431,-0.8622944
"2021-02-20 06:00:00",-6.11232188888941,-8.24962974590133,-13.0921628971166,-2.763848
"2021-02-20 07:00:00",-7.13528836452899,-8.13992029250075,-14.2407369254944,-5.267426
"2021-02-20 08:00:00",-1.10630961773334,-3.57403868633779,-7.83959580235916,3.545789
"2021-02-20 09:00:00",52.6510776116573,39.7346154163854,61.556054893139,75.59648
"2021-02-20 10:00:00",169.93499333872,112.713026942695,202.301716097161,144.1727
"2021-02-20 11:00:00",332.315760803456,203.265510510513,358.185561132218,187.7638
"2021-02-20 12:00:00",471.807193341752,279.357880413854,468.683822239539,217.4546
"2021-02-20 13:00:00",544.921318806692,347.94609434176,548.680039970714,233.8036
"2021-02-20 14:00:00",556.048342742236,383.395818118156,585.077280566323,243.1652
"2021-02-20 15:00:00",509.87959964973,384.55204367339,576.695004628024,238.3259
"2021-02-20 16:00:00",422.557352429379,348.984045767196,524.694124356143,216.1154
"2021-02-20 17:00:00",274.65917655624,238.965718204212,373.844314743133,148.6525
"2021-02-20 18:00:00",95.6220345313141,74.2234591153362,117.691292998742,35.01446
"2021-02-20 19:00:00",9.04151291276425,1.14013501464193,2.02314336689807,-1.403969
"2021-02-20 20:00:00",-2.99087006915637,-6.88358814285094,-11.2928312102898,-2.675268
"2021-02-20 21:00:00",-4.70073552125604,-7.45138409801714,-13.0477402147519,-2.020147
"2021-02-20 22:00:00",-5.81677209874793,-7.58376636710172,-14.4680510439531,-3.683511
"2021-02-20 23:00:00",-3.70217040760119,-6.33834648632757,-13.130857644138,-4.121737
"2021-02-20 24:00:00",-3.86613977319612,-6.83006382316249,-12.8610674891253,-4.367166
"2021-02-21 01:00:00",-4.7041343394654,-7.27333701112707,-13.5214532483028,-3.146081
"2021-02-21 02:00:00",-5.31061078700033,-7.68456031571115,-13.4351867556126,-2.443047
"2021-02-21 03:00:00",-6.12339132237899,-8.00762312491138,-13.2380359534278,-3.321997
"2021-02-21 04:00:00",-5.88226690386962,-8.05088816654539,-12.4239224276675,-4.160816
"2021-02-21 05:00:00",-5.30027998114446,-7.88511783689091,-11.9181638222354,-4.107843
"2021-02-21 06:00:00",-5.13058368371915,-7.88339815537847,-11.7294888797109,-5.318744
"2021-02-21 07:00:00",-5.23150843663221,-7.83776427272433,-11.572632800355,-5.330645
"2021-02-21 08:00:00",1.75952667575905,-2.13848035771369,-2.8495967202015,3.342699
"2021-02-21 09:00:00",72.8623996689079,55.1959248615205,83.4278290506007,78.51784
"2021-02-21 10:00:00",189.182991741863,119.784557746334,218.764795517101,155.273
"2021-02-21 11:00:00",319.450687572947,181.587466459378,336.328090819904,189.6792
"2021-02-21 12:00:00",441.8302501138,242.026740272253,432.048013370522,209.798
"2021-02-21 13:00:00",521.739992478426,298.785256627621,505.874715931589,221.6005
"2021-02-21 14:00:00",544.867215707528,338.742050810136,546.495145817696,222.1463
"2021-02-21 15:00:00",507.438748766488,347.398240282448,545.180460929839,220.0134
"2021-02-21 16:00:00",419.92514233429,322.049908844909,498.530568563437,198.6313
"2021-02-21 17:00:00",264.002808720392,218.952402920101,347.349676581761,146.8767
"2021-02-21 18:00:00",81.2238050828504,58.3174165924868,100.150132312673,30.93783
"2021-02-21 19:00:00",4.48305883130308,-2.84280512570899,0.029750690501686,3.15907
"2021-02-21 20:00:00",-2.31923554960524,-7.13574708523389,-9.56350421199508,-0.3065472
"2021-02-21 21:00:00",-3.12087303935108,-7.4038510105498,-10.6222498298157,-0.3250242
"2021-02-21 22:00:00",-3.93151037667481,-7.65617327821037,-11.063940534477,-0.4986494
"2021-02-21 23:00:00",-4.33039301707652,-7.76924047902241,-11.0367101377559,0.1355671
"2021-02-21 24:00:00",-4.52917166647842,-7.84315272624596,-11.0824941735992,1.026854
"2021-02-22 01:00:00",-4.66230451173539,-7.82532958935494,-11.2945551287218,1.167233
"2021-02-22 02:00:00",-4.29689524792443,-7.72491038754376,-11.0273598993555,1.370305
"2021-02-22 03:00:00",-4.1344142154563,-7.54696820723318,-11.1700619862816,0.2887623
"2021-02-22 04:00:00",-4.5143706936547,-7.43808181152987,-11.2324787534045,-1.545572
"2021-02-22 05:00:00",-5.49929219053398,-7.63536200083513,-11.8905980027998,2.5002
"2021-02-22 06:00:00",-6.07403548925966,-7.74275951459791,-12.5492917976261,-1.685755
"2021-02-22 07:00:00",-6.03584357750695,-7.68152227184724,-12.7615073278645,-4.554096
"2021-02-22 08:00:00",0.463236044553454,-2.38392087130806,-4.19074691095562,4.083691
"2021-02-22 09:00:00",66.2519349314346,50.104458899829,79.058841944153,76.69138
"2021-02-22 10:00:00",137.366230828348,97.2727767762325,159.619374711775,145.4934
"2021-02-22 11:00:00",169.450378626749,124.713785462448,198.717686904502,188.6738
"2021-02-22 12:00:00",272.296795315256,183.081564436021,306.179184802128,210.0196
"2021-02-22 13:00:00",247.305417483011,187.641613415954,291.939845202114,224.6456
"2021-02-22 14:00:00",193.155847727074,148.070355490938,221.28905596292,228.1911
"2021-02-22 15:00:00",313.551076791013,212.378815559348,343.081899213246,220.8879
"2021-02-22 16:00:00",354.446763487377,250.388734925065,403.105121658444,201.9354
"2021-02-22 17:00:00",249.765413573515,189.621046804026,310.593084579924,136.1508
"2021-02-22 18:00:00",86.4978371502883,56.4746802707855,102.440065548446,31.19275
"2021-02-22 19:00:00",0.66544972884391,-3.94069893755659,-2.99633410512149,-2.426717
"2021-02-22 20:00:00",-4.60649951524344,-7.65752805958481,-10.6459355957487,-6.713319
"2021-02-22 21:00:00",-4.38030362891395,-8.02194048487107,-11.9909935347805,-6.072498
"2021-02-22 22:00:00",-4.82063525845054,-8.04212590558886,-11.8289820127062,-8.840675
"2021-02-22 23:00:00",-4.81573875146205,-8.0261047674464,-12.0185649159522,-9.263797
"2021-02-22 24:00:00",-5.74058735403632,-8.07230751666505,-11.7954144981948,-9.199844
"2021-02-23 01:00:00",-6.14014832769196,-8.07785889353552,-11.6897042420733,-7.934241
"2021-02-23 02:00:00",-5.75773086362956,-8.03081580474101,-11.9599647875303,-6.97788
"2021-02-23 03:00:00",-6.5014839964753,-7.90096634229027,-11.7460203305437,-6.716939
"2021-02-23 04:00:00",-6.34613962731108,-7.81094949681322,-11.7492504328841,-7.134014
"2021-02-23 05:00:00",-5.33730780261521,-8.00125742216963,-12.3881043762261,-6.530676
"2021-02-23 06:00:00",-5.70648718659153,-6.75762427492501,-8.59625833878636,-5.624636
"2021-02-23 07:00:00",-5.27084096141836,-6.74342684177367,-8.73360362126803,-5.381656
"2021-02-23 08:00:00",4.77428001570942,-0.195067806594579,2.19859623814821,9.627187
"2021-02-23 09:00:00",93.02268286067,68.9468397960227,113.832151988613,93.40221
"2021-02-23 10:00:00",240.280882267209,158.299127547559,275.355816185013,140.2155
"2021-02-23 11:00:00",394.879360965133,239.602139476843,406.36206208524,201.6719
"2021-02-23 12:00:00",521.41471810636,314.800386982009,517.641996541961,251.932
"2021-02-23 13:00:00",566.244053024951,366.496396631042,588.191615528795,283.5334
"2021-02-23 14:00:00",573.121607886973,393.479618230441,623.070110763985,316.4348
"2021-02-23 15:00:00",523.700303998998,398.277235555403,622.109304526104,307.3284
"2021-02-23 16:00:00",437.128973095753,366.94384987583,575.379699150827,276.2729
"2021-02-23 17:00:00",277.737290601615,244.699266043922,397.932313893432,182.7731
"2021-02-23 18:00:00",82.162208216034,61.3688703341414,101.539008772361,48.78352
"2021-02-23 19:00:00",-2.05191578341717,-4.64310666340073,-5.48888353279997,-2.988814
"2021-02-23 20:00:00",-6.51522614149549,-7.70530982625885,-11.617343677716,-7.430052
"2021-02-23 21:00:00",-5.74432298201778,-6.70362951234867,-9.12573200563938,-7.317731
"2021-02-23 22:00:00",-5.32918700026261,-6.49798515700196,-8.97719249282235,-6.538198
"2021-02-23 23:00:00",-5.47131334292668,-6.09298897620612,-8.98338289224873,-6.620822
"2021-02-23 24:00:00",-6.70068656919288,-7.44921155816371,-10.5665068650535,-6.643377
"2021-02-24 01:00:00",-6.62718586411061,-7.515646207358,-10.9228237158325,-5.926125
"2021-02-24 02:00:00",-6.43297676515705,-7.81674320348858,-11.2415458711567,-5.473096
"2021-02-24 03:00:00",-6.3398999345046,-7.80150687723783,-11.2703471136447,-4.96629
"2021-02-24 04:00:00",-6.42754890343876,-7.75435907936242,-11.3258441823883,-5.744206
"2021-02-24 05:00:00",-6.34670024321498,-7.79042975530284,-11.4338431378805,-6.43264
"2021-02-24 06:00:00",-6.71637453186848,-7.97716535462062,-11.0602758234949,-5.927017
"2021-02-24 07:00:00",-6.63921150456117,-7.7006287148721,-12.0472450173949,-5.625911
"2021-02-24 08:00:00",3.23904821509296,-0.485157284279055,0.0719428147450856,3.439828
"2021-02-24 09:00:00",75.1504610906987,54.6524007187017,84.9190890098862,40.84408
"2021-02-24 10:00:00",152.915915418096,112.471640729117,179.174901815064,113.3926
"2021-02-24 11:00:00",312.347279311064,198.922444054015,329.862987780833,163.9827
"2021-02-24 12:00:00",472.672874896701,286.720923341117,467.649787521306,216.5747
"2021-02-24 13:00:00",494.413518233583,337.804535633447,526.138481047669,244.5969
"2021-02-24 14:00:00",440.861542987374,331.39455767427,509.743415677537,269.2956
"2021-02-24 15:00:00",436.282126705069,339.364365108898,516.949078568014,229.8344
"2021-02-24 16:00:00",387.28063220104,322.786435636744,490.397612030835,179.2064
"2021-02-24 17:00:00",224.132703583332,193.944825392072,308.104410153451,118.9293
"2021-02-24 18:00:00",61.3355173796163,44.7511256869784,74.7066521377518,33.79472
"2021-02-24 19:00:00",-1.21431501152824,-2.91035359493615,-4.13647630276935,-0.7817161
"2021-02-24 20:00:00",-4.89561222495605,-7.034877000713,-10.5944164711936,-5.398849
"2021-02-24 21:00:00",-5.86324315409728,-7.58468281475756,-11.128346533679,-5.505929
"2021-02-24 22:00:00",-5.91155648729709,-7.6627343496522,-11.4033793750025,-5.441878
"2021-02-24 23:00:00",-6.30118972316454,-7.81484749256424,-11.0759253170141,-4.971121
"2021-02-24 24:00:00",-6.45071741055231,-7.84894479234129,-11.1523669166326,-5.409489
"2021-02-25 01:00:00",-5.92529021470072,-7.82272550068618,-11.2657405308672,-6.237333
"2021-02-25 02:00:00",-6.07118165118281,-7.4787421595497,-11.3746125127948,-6.998663
"2021-02-25 03:00:00",-5.91295514167821,-7.38744100057113,-12.051356719922,-7.236255
"2021-02-25 04:00:00",-5.92460862484099,-7.2682718977952,-11.9256882563252,-7.088232
"2021-02-25 05:00:00",-6.33021821372692,-6.8141530579411,-12.554660463595,-7.089082
"2021-02-25 06:00:00",-6.75196059741442,-7.00701049547644,-12.121249499858,-7.09805
"2021-02-25 07:00:00",-6.82892587346474,-7.25164034814929,-11.625325998374,-6.112478
"2021-02-25 08:00:00",-0.762637246305019,-3.95488869436352,-5.90534763906948,11.30145
"2021-02-25 09:00:00",29.5980403169166,18.4668359247877,30.5343703182249,63.84686
"2021-02-25 10:00:00",66.3623717037412,47.7805295318847,76.1828339121422,98.90883
"2021-02-25 11:00:00",91.1889381604454,68.9795691273838,108.211564434282,104.0249
"2021-02-25 12:00:00",100.635618063278,76.4660296760901,121.124398768903,153.3543
"2021-02-25 13:00:00",136.521512243653,108.703294615155,166.993768143486,136.6661
"2021-02-25 14:00:00",145.888365853133,120.168102185055,179.182542264825,102.0212
"2021-02-25 15:00:00",127.041218353307,102.349208100334,158.022447935958,85.65019
"2021-02-25 16:00:00",58.8593935293685,41.100182702956,71.2719602178056,57.89122
"2021-02-25 17:00:00",31.8449965205723,21.4559159761666,38.3548217932977,29.1449
"2021-02-25 18:00:00",6.29294769113737,0.624531034134648,2.51587817888858,3.906511
"2021-02-25 19:00:00",-1.58319132408339,-4.31826818976766,-5.65848117654423,-2.996496
"2021-02-25 20:00:00",-4.98762063509785,-6.45975388946506,-9.31025496271178,-7.148125
"2021-02-25 21:00:00",-5.75143216374003,-7.11358254565006,-10.3212643046559,-6.966783
"2021-02-25 22:00:00",-5.4890528088243,-7.22641093397191,-10.6018373565354,-7.114786
"2021-02-25 23:00:00",-5.8130051854997,-7.31012478444097,-10.4663728417197,-6.550733
"2021-02-25 24:00:00",-6.32411442098551,-7.45617620385022,-10.165554299942,-6.717597
"2021-02-26 01:00:00",-6.07538550643794,-7.39947948548172,-10.3026014386929,-7.036346
"2021-02-26 02:00:00",-6.68655476033793,-7.47180914474798,-10.0107722819021,-7.71917
"2021-02-26 03:00:00",-6.12293903692076,-7.48058199205855,-10.6319995719349,-5.445596
"2021-02-26 04:00:00",-6.4546320550068,-7.47836275659616,-10.2983264496116,-7.127353
"2021-02-26 05:00:00",-5.7134382146176,-7.35429699941348,-11.175460044904,-7.870798
"2021-02-26 06:00:00",-6.267633223565,-7.15802568359872,-10.6295034469865,-4.711583
"2021-02-26 07:00:00",-5.82385481312598,-7.35559257468474,-11.2731516722154,-2.875414
"2021-02-26 08:00:00",2.84445530476036,-1.37458287203074,-1.41966658533116,-3.013336
"2021-02-26 09:00:00",90.7110311044758,65.7335047148507,100.540122721445,18.4624
"2021-02-26 10:00:00",212.510046164237,137.429867903729,242.131543863262,45.61297
"2021-02-26 11:00:00",329.563652924433,205.455278317783,365.609072501374,81.75008
"2021-02-26 12:00:00",419.47230450945,250.223641124537,433.875452834085,137.5265
"2021-02-26 13:00:00",499.976149986115,299.57713081283,501.56956400139,189.9791
"2021-02-26 14:00:00",525.054845648231,322.901047016308,528.161672989249,219.1635
"2021-02-26 15:00:00",498.478116784649,323.081209013838,520.344988894027,196.0839
"2021-02-26 16:00:00",316.048852461591,237.897930550428,387.236176299545,160.5788
"2021-02-26 17:00:00",114.024258205115,83.1767979617008,146.814861948549,108.6783
"2021-02-26 18:00:00",27.5457813411146,12.0240082978141,28.5897557788216,27.26025
"2021-02-26 19:00:00",-2.9129158099597,-6.62208767452779,-9.14467797635658,-3.403902
"2021-02-26 20:00:00",-4.45550712454136,-7.50055348870696,-12.6678490354371,-5.329056
"2021-02-26 21:00:00",-4.29702042802562,-7.32423433159849,-13.0529973870407,-5.435871
"2021-02-26 22:00:00",-5.24229139861016,-7.56663611779624,-12.7913110374924,-5.660235
"2021-02-26 23:00:00",-4.99912113584197,-6.81171268434458,-10.617376488474,-5.055802
"2021-02-26 24:00:00",-5.12153793271249,-7.20790878350839,-11.292120546041,-4.364747
"2021-02-27 01:00:00",-3.95130829553958,-6.24501048798098,-11.0776522075192,-3.395805
"2021-02-27 02:00:00",-2.95426892464303,-5.82752455691472,-11.3062849344921,-4.770584
"2021-02-27 03:00:00",-2.94880876230231,-5.87162098084566,-11.4788946345392,-4.751306
"2021-02-27 04:00:00",-3.27777649464328,-6.00015661644946,-11.2872517976071,-4.280229
"2021-02-27 05:00:00",-3.336449891203,-6.12904113925865,-11.4842498280822,-4.944039
"2021-02-27 06:00:00",-2.79020947675397,-5.87735869316124,-11.7149764802302,-4.156093
"2021-02-27 07:00:00",-2.93860871164129,-6.04616225681507,-11.799764746143,-2.151982
"2021-02-27 08:00:00",9.46861067071382,4.23999929029088,2.13644085964441,-2.348084
"2021-02-27 09:00:00",88.2529529204491,67.7359102761649,100.61814812183,8.961241
"2021-02-27 10:00:00",195.57165231093,138.11033721364,237.559586715796,30.70865
"2021-02-27 11:00:00",332.935101029234,213.151775007725,382.184790578978,78.85456
"2021-02-27 12:00:00",470.402190061131,290.474573819087,500.441436282215,110.275
"2021-02-27 13:00:00",553.06982288444,347.038345147863,570.130135898753,139.5057
"2021-02-27 14:00:00",554.142308084295,374.175523885556,595.969509553914,162.4185
"2021-02-27 15:00:00",525.765358862745,381.999841300643,596.807581908167,176.3243
"2021-02-27 16:00:00",431.888992538959,348.598828254113,545.283386010612,161.3849
"2021-02-27 17:00:00",246.390451841981,220.98598268997,367.097199808743,138.5134
"2021-02-27 18:00:00",62.7842264149441,49.6691325737553,87.6298925419061,35.52703
"2021-02-27 19:00:00",-0.270557423624851,-4.18208058157887,-5.84887841756114,-0.981825
"2021-02-27 20:00:00",-4.14390322343299,-7.54826593122539,-12.8282715727194,-4.417816
"2021-02-27 21:00:00",-2.71247162442297,-6.32154703376438,-13.4678995981556,-5.068073
"2021-02-27 22:00:00",-3.50077717422676,-6.46264974063837,-13.3382297043968,-5.339415
"2021-02-27 23:00:00",-3.06306111224833,-5.68496207447714,-11.3743493118172,-4.137986
"2021-02-27 24:00:00",-2.95659273038939,-5.77202554547252,-11.4727288457852,-4.783943
"2021-02-28 01:00:00",-2.9448350720605,-5.92194541753759,-11.6849755204927,-4.799792
"2021-02-28 02:00:00",-3.05549830405269,-6.12143146412491,-11.8590229376772,-2.342836
"2021-02-28 03:00:00",-4.18899575427456,-6.70158210997789,-11.5537290927485,-2.917485
"2021-02-28 04:00:00",-3.86144830675951,-6.70135174191752,-11.8893196552587,-3.563163
"2021-02-28 05:00:00",-4.90774420900912,-7.06094040693725,-11.5703945864922,-4.053762
"2021-02-28 06:00:00",-5.38929388425342,-7.34266146782063,-11.7014303527015,-3.720602
"2021-02-28 07:00:00",-5.1014145961076,-6.72708605862881,-10.4532278195333,-1.398303
"2021-02-28 08:00:00",10.4883021279777,3.86988814502386,7.10352610438994,10.87969
"2021-02-28 09:00:00",98.3257428337108,70.8162926985824,112.477471852572,60.7298
"2021-02-28 10:00:00",94.4326836568498,68.8696813243847,109.8936591966,94.94591
"2021-02-28 11:00:00",101.441793863993,74.2980724074271,117.683600363516,131.2317
"2021-02-28 12:00:00",181.908078854902,128.253824202087,207.579098164083,194.4399
"2021-02-28 13:00:00",322.718765640597,211.720059698806,358.799126686638,247.3864
"2021-02-28 14:00:00",247.501174583489,194.568250453271,312.189785839089,278.2156
"2021-02-28 15:00:00",157.90844753048,117.105711204364,190.855077416313,225.011
"2021-02-28 16:00:00",169.149602234842,134.954033454983,209.214855414926,176.466
"2021-02-28 17:00:00",57.4266070581922,38.8207170240772,71.620527612619,97.99584
"2021-02-28 18:00:00",27.4023096550967,13.4763761613659,27.2237518823294,17.89315
"2021-02-28 19:00:00",-0.980727498632234,-4.33647716995236,-6.33348479016664,-3.108113
"2021-02-28 20:00:00",-5.13802648384195,-7.46504467282514,-11.8559714538314,-6.2519
"2021-02-28 21:00:00",-5.73646877247678,-7.53971063839101,-11.5666476542567,-6.982642
"2021-02-28 22:00:00",-5.47549464030804,-7.47655746538335,-12.3316932475017,-6.376746
"2021-02-28 23:00:00",-5.52399110772009,-7.65805765336781,-11.4242727195182,-6.379751
"2021-02-28 24:00:00",-4.69412033301211,-6.64864552838846,-9.0869090840383,-5.379984
"2021-06-09 01:00:00",0,0,0,0
"2021-06-09 02:00:00",0,0,0,0
"2021-06-09 03:00:00",0,0,0,0
"2021-06-09 04:00:00",0,0,0,0
"2021-06-09 05:00:00",0,0,0,0
"2021-06-09 06:00:00",0,0,0,0
"2021-06-09 07:00:00",0,0,0,0
"2021-06-09 08:00:00",0,0,0,0
"2021-06-09 09:00:00",0,0,0,0
"2021-06-09 10:00:00",0,0,0,0
"2021-06-09 11:00:00",0,0,0,0
"2021-06-09 12:00:00",0,0,0,0
"2021-06-09 13:00:00",0,0,0,0
"2021-06-09 14:00:00",0,0,0,0
"2021-06-09 15:00:00",0,0,0,0
"2021-06-09 16:00:00",0,0,0,0
"2021-06-09 17:00:00",0,0,0,0
"2021-06-09 18:00:00",0,0,0,0
"2021-06-09 19:00:00",0,0,0,0
"2021-06-09 20:00:00",0,0,0,0
"2021-06-09 21:00:00",0,0,0,0
"2021-06-09 22:00:00",0,0,0,0
"2021-06-09 23:00:00",0,0,0,0
"2021-06-09 24:00:00",0,0,0,0
"2021-06-10 01:00:00",0,0,0,0
"2021-06-10 02:00:00",0,0,0,0
"2021-06-10 03:00:00",0,0,0,0
"2021-06-10 04:00:00",0,0,0,0
"2021-06-10 05:00:00",0,0,0,0
"2021-06-10 06:00:00",0,0,0,0
"2021-06-10 07:00:00",0,0,0,0
"2021-06-10 08:00:00",0,0,0,0
"2021-06-10 09:00:00",0,0,0,0
"2021-06-10 10:00:00",0,0,0,0
"2021-06-10 11:00:00",0,0,0,0
"2021-06-10 12:00:00",0,0,0,0
"2021-06-10 13:00:00",0,0,0,0
"2021-06-10 14:00:00",0,0,0,0
"2021-06-10 15:00:00",0,0,0,0
"2021-06-10 16:00:00",0,0,0,0
"2021-06-10 17:00:00",0,0,0,0
"2021-06-10 18:00:00",0,0,0,0
"2021-06-10 19:00:00",0,0,0,0
"2021-06-10 20:00:00",0,0,0,0
"2021-06-10 21:00:00",0,0,0,0
"2021-06-10 22:00:00",0,0,0,0
"2021-06-10 23:00:00",0,0,0,0
"2021-06-10 24:00:00",0,0,0,0
"2021-06-11 01:00:00",0,0,0,0
"2021-06-11 02:00:00",0,0,0,0
"2021-06-11 03:00:00",0,0,0,0
"2021-06-11 04:00:00",0,0,0,0
"2021-06-11 05:00:00",0,0,0,0
"2021-06-11 06:00:00",0,0,0,0
"2021-06-11 07:00:00",0,0,0,0
"2021-06-11 08:00:00",0,0,0,0
"2021-06-11 09:00:00",0,0,0,0
"2021-06-11 10:00:00",0,0,0,0
"2021-06-11 11:00:00",0,0,0,0
"2021-06-11 12:00:00",0,0,0,0
"2021-06-11 13:00:00",0,0,0,0
"2021-06-11 14:00:00",0,0,0,0
"2021-06-11 15:00:00",0,0,0,0
"2021-06-11 16:00:00",0,0,0,0
"2021-06-11 17:00:00",0,0,0,0
"2021-06-11 18:00:00",0,0,0,0
"2021-06-11 19:00:00",0,0,0,0
"2021-06-11 20:00:00",0,0,0,0
"2021-06-11 21:00:00",0,0,0,0
"2021-06-11 22:00:00",0,0,0,0
"2021-06-11 23:00:00",0,0,0,0
"2021-06-11 24:00:00",0,0,0,0
"2021-06-12 01:00:00",0,0,0,0
"2021-06-12 02:00:00",0,0,0,0
"2021-06-12 03:00:00",0,0,0,0
"2021-06-12 04:00:00",0,0,0,0
"2021-06-12 05:00:00",0,0,0,0
"2021-06-12 06:00:00",0,0,0,0
"2021-06-12 07:00:00",0,0,0,0
"2021-06-12 08:00:00",0,0,0,0
"2021-06-12 09:00:00",0,0,0,0
"2021-06-12 10:00:00",0,0,0,0
"2021-06-12 11:00:00",0,0,0,0
"2021-06-12 12:00:00",0,0,0,0
"2021-06-12 13:00:00",0,0,0,0
"2021-06-12 14:00:00",0,0,0,0
"2021-06-12 15:00:00",0,0,0,0
"2021-06-12 16:00:00",0,0,0,0
"2021-06-12 17:00:00",0,0,0,0
"2021-06-12 18:00:00",0,0,0,0
"2021-06-12 19:00:00",0,0,0,0
"2021-06-12 20:00:00",0,0,0,0
"2021-06-12 21:00:00",0,0,0,0
"2021-06-12 22:00:00",0,0,0,0
"2021-06-12 23:00:00",0,0,0,0
"2021-06-12 24:00:00",0,0,0,0
"2021-06-13 01:00:00",0,0,0,0
"2021-06-13 02:00:00",0,0,0,0
"2021-06-13 03:00:00",0,0,0,0
"2021-06-13 04:00:00",0,0,0,0
"2021-06-13 05:00:00",0,0,0,0
"2021-06-13 06:00:00",0,0,0,0
"2021-06-13 07:00:00",0,0,0,0
"2021-06-13 08:00:00",0,0,0,0
"2021-06-13 09:00:00",0,0,0,0
"2021-06-13 10:00:00",0,0,0,0
"2021-06-13 11:00:00",0,0,0,0
"2021-06-13 12:00:00",0,0,0,0
"2021-06-13 13:00:00",0,0,0,0
"2021-06-13 14:00:00",0,0,0,0
"2021-06-13 15:00:00",0,0,0,0
"2021-06-13 16:00:00",0,0,0,0
"2021-06-13 17:00:00",0,0,0,0
"2021-06-13 18:00:00",0,0,0,0
"2021-06-13 19:00:00",0,0,0,0
"2021-06-13 20:00:00",0,0,0,0
"2021-06-13 21:00:00",0,0,0,0
"2021-06-13 22:00:00",0,0,0,0
"2021-06-13 23:00:00",0,0,0,0
"2021-06-13 24:00:00",0,0,0,0
"2021-06-14 01:00:00",0,0,0,0
"2021-06-14 02:00:00",0,0,0,0
"2021-06-14 03:00:00",0,0,0,0
"2021-06-14 04:00:00",0,0,0,0
"2021-06-14 05:00:00",0,0,0,0
"2021-06-14 06:00:00",0,0,0,0
"2021-06-14 07:00:00",0,0,0,0
"2021-06-14 08:00:00",0,0,0,0
"2021-06-14 09:00:00",0,0,0,0
"2021-06-14 10:00:00",0,0,0,0
"2021-06-14 11:00:00",0,0,0,0
"2021-06-14 12:00:00",0,0,0,0
"2021-06-14 13:00:00",0,0,0,0
"2021-06-14 14:00:00",0,0,0,0
"2021-06-14 15:00:00",0,0,0,0
"2021-06-14 16:00:00",0,0,0,0
"2021-06-14 17:00:00",0,0,0,0
"2021-06-14 18:00:00",0,0,0,0
"2021-06-14 19:00:00",0,0,0,0
"2021-06-14 20:00:00",0,0,0,0
"2021-06-14 21:00:00",0,0,0,0
"2021-06-14 22:00:00",0,0,0,0
"2021-06-14 23:00:00",0,0,0,0
"2021-06-14 24:00:00",0,0,0,0
"2021-06-15 01:00:00",0,0,0,0
"2021-06-15 02:00:00",0,0,0,0
"2021-06-15 03:00:00",0,0,0,0
"2021-06-15 04:00:00",0,0,0,0
"2021-06-15 05:00:00",0,0,0,0
"2021-06-15 06:00:00",0,0,0,0
"2021-06-15 07:00:00",0,0,0,0
"2021-06-15 08:00:00",0,0,0,0
"2021-06-15 09:00:00",0,0,0,0
"2021-06-15 10:00:00",0,0,0,0
"2021-06-15 11:00:00",0,0,0,0
"2021-06-15 12:00:00",0,0,0,0
"2021-06-15 13:00:00",0,0,0,0
"2021-06-15 14:00:00",0,0,0,0
"2021-06-15 15:00:00",0,0,0,0
"2021-06-15 16:00:00",0,0,0,0
"2021-06-15 17:00:00",0,0,0,0
"2021-06-15 18:00:00",0,0,0,0
"2021-06-15 19:00:00",0,0,0,0
"2021-06-15 20:00:00",0,0,0,0
"2021-06-15 21:00:00",0,0,0,0
"2021-06-15 22:00:00",0,0,0,0
"2021-06-15 23:00:00",0,0,0,0
"2021-06-15 24:00:00",0,0,0,0
"2021-06-16 01:00:00",0,0,0,0
"2021-06-16 02:00:00",0,0,0,0
"2021-06-16 03:00:00",0,0,0,0
"2021-06-16 04:00:00",0,0,0,0
"2021-06-16 05:00:00",0,0,0,0
"2021-06-16 06:00:00",0,0,0,0
"2021-06-16 07:00:00",0,0,0,0
"2021-06-16 08:00:00",0,0,0,0
"2021-06-16 09:00:00",0,0,0,0
"2021-06-16 10:00:00",0,0,0,0
"2021-06-16 11:00:00",0,0,0,0
"2021-06-16 12:00:00",0,0,0,0
"2021-06-16 13:00:00",0,0,0,0
"2021-06-16 14:00:00",0,0,0,0
"2021-06-16 15:00:00",0,0,0,0
"2021-06-16 16:00:00",0,0,0,0
"2021-06-16 17:00:00",0,0,0,0
"2021-06-16 18:00:00",0,0,0,0
"2021-06-16 19:00:00",0,0,0,0
"2021-06-16 20:00:00",0,0,0,0
"2021-06-16 21:00:00",0,0,0,0
"2021-06-16 22:00:00",0,0,0,0
"2021-06-16 23:00:00",0,0,0,0
"2021-06-16 24:00:00",0,0,0,0
"2021-06-17 01:00:00",0,0,0,0
"2021-06-17 02:00:00",0,0,0,0
"2021-06-17 03:00:00",0,0,0,0
"2021-06-17 04:00:00",0,0,0,0
"2021-06-17 05:00:00",0,0,0,0
"2021-06-17 06:00:00",0,0,0,0
"2021-06-17 07:00:00",0,0,0,0
"2021-06-17 08:00:00",0,0,0,0
"2021-06-17 09:00:00",0,0,0,0
"2021-06-17 10:00:00",0,0,0,0
"2021-06-17 11:00:00",0,0,0,0
"2021-06-17 12:00:00",0,0,0,0
"2021-06-17 13:00:00",0,0,0,0
"2021-06-17 14:00:00",0,0,0,0
"2021-06-17 15:00:00",0,0,0,0
"2021-06-17 16:00:00",0,0,0,0
"2021-06-17 17:00:00",0,0,0,0
"2021-06-17 18:00:00",0,0,0,0
"2021-06-17 19:00:00",0,0,0,0
"2021-06-17 20:00:00",0,0,0,0
"2021-06-17 21:00:00",0,0,0,0
"2021-06-17 22:00:00",0,0,0,0
"2021-06-17 23:00:00",0,0,0,0
"2021-06-17 24:00:00",0,0,0,0
"2021-06-18 01:00:00",0,0,0,0
"2021-06-18 02:00:00",0,0,0,0
"2021-06-18 03:00:00",0,0,0,0
"2021-06-18 04:00:00",0,0,0,0
"2021-06-18 05:00:00",0,0,0,0
"2021-06-18 06:00:00",0,0,0,0
"2021-06-18 07:00:00",0,0,0,0
"2021-06-18 08:00:00",0,0,0,0
"2021-06-18 09:00:00",0,0,0,0
"2021-06-18 10:00:00",0,0,0,0
"2021-06-18 11:00:00",0,0,0,0
"2021-06-18 12:00:00",0,0,0,0
"2021-06-18 13:00:00",0,0,0,0
"2021-06-18 14:00:00",0,0,0,0
"2021-06-18 15:00:00",0,0,0,0
"2021-06-18 16:00:00",0,0,0,0
"2021-06-18 17:00:00",0,0,0,0
"2021-06-18 18:00:00",0,0,0,0
"2021-06-18 19:00:00",0,0,0,0
"2021-06-18 20:00:00",0,0,0,0
"2021-06-18 21:00:00",0,0,0,0
"2021-06-18 22:00:00",0,0,0,0
"2021-06-18 23:00:00",0,0,0,0
"2021-06-18 24:00:00",0,0,0,0
"2021-06-19 01:00:00",0,0,0,0
"2021-06-19 02:00:00",0,0,0,0
"2021-06-19 03:00:00",0,0,0,0
"2021-06-19 04:00:00",0,0,0,0
"2021-06-19 05:00:00",0,0,0,0
"2021-06-19 06:00:00",0,0,0,0
"2021-06-19 07:00:00",0,0,0,0
"2021-06-19 08:00:00",0,0,0,0
"2021-06-19 09:00:00",0,0,0,0
"2021-06-19 10:00:00",0,0,0,0
"2021-06-19 11:00:00",0,0,0,0
"2021-06-19 12:00:00",0,0,0,0
"2021-06-19 13:00:00",0,0,0,0
"2021-06-19 14:00:00",0,0,0,0
"2021-06-19 15:00:00",0,0,0,0
"2021-06-19 16:00:00",0,0,0,0
"2021-06-19 17:00:00",0,0,0,0
"2021-06-19 18:00:00",0,0,0,0
"2021-06-19 19:00:00",0,0,0,0
"2021-06-19 20:00:00",0,0,0,0
"2021-06-19 21:00:00",0,0,0,0
"2021-06-19 22:00:00",0,0,0,0
"2021-06-19 23:00:00",0,0,0,0
"2021-06-19 24:00:00",0,0,0,0
"2021-06-20 01:00:00",0,0,0,0
"2021-06-20 02:00:00",0,0,0,0
"2021-06-20 03:00:00",0,0,0,0
"2021-06-20 04:00:00",0,0,0,0
"2021-06-20 05:00:00",0,0,0,0
"2021-06-20 06:00:00",0,0,0,0
"2021-06-20 07:00:00",0,0,0,0
"2021-06-20 08:00:00",0,0,0,0
"2021-06-20 09:00:00",0,0,0,0
"2021-06-20 10:00:00",0,0,0,0
"2021-06-20 11:00:00",0,0,0,0
"2021-06-20 12:00:00",0,0,0,0
"2021-06-20 13:00:00",0,0,0,0
"2021-06-20 14:00:00",0,0,0,0
"2021-06-20 15:00:00",0,0,0,0
"2021-06-20 16:00:00",0,0,0,0
"2021-06-20 17:00:00",0,0,0,0
"2021-06-20 18:00:00",0,0,0,0
"2021-06-20 19:00:00",0,0,0,0
"2021-06-20 20:00:00",0,0,0,0
"2021-06-20 21:00:00",0,0,0,0
"2021-06-20 22:00:00",0,0,0,0
"2021-06-20 23:00:00",0,0,0,0
"2021-06-20 24:00:00",0,0,0,0
"2021-06-21 01:00:00",0,0,0,0
"2021-06-21 02:00:00",0,0,0,0
"2021-06-21 03:00:00",0,0,0,0
"2021-06-21 04:00:00",0,0,0,0
"2021-06-21 05:00:00",0,0,0,0
"2021-06-21 06:00:00",0,0,0,0
"2021-06-21 07:00:00",0,0,0,0
"2021-06-21 08:00:00",0,0,0,0
"2021-06-21 09:00:00",0,0,0,0
"2021-06-21 10:00:00",0,0,0,0
"2021-06-21 11:00:00",0,0,0,0
"2021-06-21 12:00:00",0,0,0,0
"2021-06-21 13:00:00",0,0,0,0
"2021-06-21 14:00:00",0,0,0,0
"2021-06-21 15:00:00",0,0,0,0
"2021-06-21 16:00:00",0,0,0,0
"2021-06-21 17:00:00",0,0,0,0
"2021-06-21 18:00:00",0,0,0,0
"2021-06-21 19:00:00",0,0,0,0
"2021-06-21 20:00:00",0,0,0,0
"2021-06-21 21:00:00",0,0,0,0
"2021-06-21 22:00:00",0,0,0,0
"2021-06-21 23:00:00",0,0,0,0
"2021-06-21 24:00:00",0,0,0,0
"2021-06-22 01:00:00",0,0,0,0
"2021-06-22 02:00:00",0,0,0,0
"2021-06-22 03:00:00",0,0,0,0
"2021-06-22 04:00:00",0,0,0,0
"2021-06-22 05:00:00",0,0,0,0
"2021-06-22 06:00:00",0,0,0,0
"2021-06-22 07:00:00",0,0,0,0
"2021-06-22 08:00:00",0,0,0,0
"2021-06-22 09:00:00",0,0,0,0
"2021-06-22 10:00:00",0,0,0,0
"2021-06-22 11:00:00",0,0,0,0
"2021-06-22 12:00:00",0,0,0,0
"2021-06-22 13:00:00",0,0,0,0
"2021-06-22 14:00:00",0,0,0,0
"2021-06-22 15:00:00",0,0,0,0
"2021-06-22 16:00:00",0,0,0,0
"2021-06-22 17:00:00",0,0,0,0
"2021-06-22 18:00:00",0,0,0,0
"2021-06-22 19:00:00",0,0,0,0
"2021-06-22 20:00:00",0,0,0,0
"2021-06-22 21:00:00",0,0,0,0
"2021-06-22 22:00:00",0,0,0,0
"2021-06-22 23:00:00",0,0,0,0
"2021-06-22 24:00:00",0,0,0,0
"2021-06-23 01:00:00",0,0,0,0
"2021-06-23 02:00:00",0,0,0,0
"2021-06-23 03:00:00",0,0,0,0
"2021-06-23 04:00:00",0,0,0,0
"2021-06-23 05:00:00",0,0,0,0
"2021-06-23 06:00:00",0,0,0,0
"2021-06-23 07:00:00",0,0,0,0
"2021-06-23 08:00:00",0,0,0,0
"2021-06-23 09:00:00",0,0,0,0
"2021-06-23 10:00:00",0,0,0,0
"2021-06-23 11:00:00",0,0,0,0
"2021-06-23 12:00:00",0,0,0,0
"2021-06-23 13:00:00",0,0,0,0
"2021-06-23 14:00:00",0,0,0,0
"2021-06-23 15:00:00",0,0,0,0
"2021-06-23 16:00:00",0,0,0,0
"2021-06-23 17:00:00",0,0,0,0
"2021-06-23 18:00:00",0,0,0,0
"2021-06-23 19:00:00",0,0,0,0
"2021-06-23 20:00:00",0,0,0,0
"2021-06-23 21:00:00",0,0,0,0
"2021-06-23 22:00:00",0,0,0,0
"2021-06-23 23:00:00",0,0,0,0
"2021-06-23 24:00:00",0,0,0,0
"2021-06-24 01:00:00",0,0,0,0
"2021-06-24 02:00:00",0,0,0,0
"2021-06-24 03:00:00",0,0,0,0
"2021-06-24 04:00:00",0,0,0,0
"2021-06-24 05:00:00",0,0,0,0
"2021-06-24 06:00:00",0,0,0,0
"2021-06-24 07:00:00",0,0,0,0
"2021-06-24 08:00:00",0,0,0,0
"2021-06-24 09:00:00",0,0,0,0
"2021-06-24 10:00:00",0,0,0,0
"2021-06-24 11:00:00",0,0,0,0
"2021-06-24 12:00:00",0,0,0,0
"2021-06-24 13:00:00",0,0,0,0
"2021-06-24 14:00:00",0,0,0,0
"2021-06-24 15:00:00",0,0,0,0
"2021-06-24 16:00:00",0,0,0,0
"2021-06-24 17:00:00",0,0,0,0
"2021-06-24 18:00:00",0,0,0,0
"2021-06-24 19:00:00",0,0,0,0
"2021-06-24 20:00:00",0,0,0,0
"2021-06-24 21:00:00",0,0,0,0
"2021-06-24 22:00:00",0,0,0,0
"2021-06-24 23:00:00",0,0,0,0
"2021-06-24 24:00:00",0,0,0,0
"2021-06-25 01:00:00",0,0,0,0
"2021-06-25 02:00:00",0,0,0,0
"2021-06-25 03:00:00",0,0,0,0
"2021-06-25 04:00:00",0,0,0,0
"2021-06-25 05:00:00",0,0,0,0
"2021-06-25 06:00:00",0,0,0,0
"2021-06-25 07:00:00",0,0,0,0
"2021-06-25 08:00:00",0,0,0,0
"2021-06-25 09:00:00",0,0,0,0
"2021-06-25 10:00:00",0,0,0,0
"2021-06-25 11:00:00",0,0,0,0
"2021-06-25 12:00:00",0,0,0,0
"2021-06-25 13:00:00",0,0,0,0
"2021-06-25 14:00:00",0,0,0,0
"2021-06-25 15:00:00",0,0,0,0
"2021-06-25 16:00:00",0,0,0,0
"2021-06-25 17:00:00",0,0,0,0
"2021-06-25 18:00:00",0,0,0,0
"2021-06-25 19:00:00",0,0,0,0
"2021-06-25 20:00:00",0,0,0,0
"2021-06-25 21:00:00",0,0,0,0
"2021-06-25 22:00:00",0,0,0,0
"2021-06-25 23:00:00",0,0,0,0
"2021-06-25 24:00:00",0,0,0,0
"2021-06-26 01:00:00",0,0,0,0
"2021-06-26 02:00:00",0,0,0,0
"2021-06-26 03:00:00",0,0,0,0
"2021-06-26 04:00:00",0,0,0,0
"2021-06-26 05:00:00",0,0,0,0
"2021-06-26 06:00:00",0,0,0,0
"2021-06-26 07:00:00",0,0,0,0
"2021-06-26 08:00:00",0,0,0,0
"2021-06-26 09:00:00",0,0,0,0
"2021-06-26 10:00:00",0,0,0,0
"2021-06-26 11:00:00",0,0,0,0
"2021-06-26 12:00:00",0,0,0,0
"2021-06-26 13:00:00",0,0,0,0
"2021-06-26 14:00:00",0,0,0,0
"2021-06-26 15:00:00",0,0,0,0
"2021-06-26 16:00:00",0,0,0,0
"2021-06-26 17:00:00",0,0,0,0
"2021-06-26 18:00:00",0,0,0,0
"2021-06-26 19:00:00",0,0,0,0
"2021-06-26 20:00:00",0,0,0,0
"2021-06-26 21:00:00",0,0,0,0
"2021-06-26 22:00:00",0,0,0,0
"2021-06-26 23:00:00",0,0,0,0
"2021-06-26 24:00:00",0,0,0,0
"2021-06-27 01:00:00",0,0,0,0
"2021-06-27 02:00:00",0,0,0,0
"2021-06-27 03:00:00",0,0,0,0
"2021-06-27 04:00:00",0,0,0,0
"2021-06-27 05:00:00",0,0,0,0
"2021-06-27 06:00:00",0,0,0,0
"2021-06-27 07:00:00",0,0,0,0
"2021-06-27 08:00:00",0,0,0,0
"2021-06-27 09:00:00",0,0,0,0
"2021-06-27 10:00:00",0,0,0,0
"2021-06-27 11:00:00",0,0,0,0
"2021-06-27 12:00:00",0,0,0,0
"2021-06-27 13:00:00",0,0,0,0
"2021-06-27 14:00:00",0,0,0,0
"2021-06-27 15:00:00",0,0,0,0
"2021-06-27 16:00:00",0,0,0,0
"2021-06-27 17:00:00",0,0,0,0
"2021-06-27 18:00:00",0,0,0,0
"2021-06-27 19:00:00",0,0,0,0
"2021-06-27 20:00:00",0,0,0,0
"2021-06-27 21:00:00",0,0,0,0
"2021-06-27 22:00:00",0,0,0,0
"2021-06-27 23:00:00",0,0,0,0
"2021-06-27 24:00:00",0,0,0,0
"2021-06-28 01:00:00",0,0,0,0
"2021-06-28 02:00:00",0,0,0,0
"2021-06-28 03:00:00",0,0,0,0
"2021-06-28 04:00:00",0,0,0,0
"2021-06-28 05:00:00",0,0,0,0
"2021-06-28 06:00:00",0,0,0,0
"2021-06-28 07:00:00",0,0,0,0
"2021-06-28 08:00:00",0,0,0,0
"2021-06-28 09:00:00",0,0,0,0
"2021-06-28 10:00:00",0,0,0,0
"2021-06-28 11:00:00",0,0,0,0
"2021-06-28 12:00:00",0,0,0,0
"2021-06-28 13:00:00",0,0,0,0
"2021-06-28 14:00:00",0,0,0,0
"2021-06-28 15:00:00",0,0,0,0
"2021-06-28 16:00:00",0,0,0,0
"2021-06-28 17:00:00",0,0,0,0
"2021-06-28 18:00:00",0,0,0,0
"2021-06-28 19:00:00",0,0,0,0
"2021-06-28 20:00:00",0,0,0,0
"2021-06-28 21:00:00",0,0,0,0
"2021-06-28 22:00:00",0,0,0,0
"2021-06-28 23:00:00",0,0,0,0
"2021-06-28 24:00:00",0,0,0,0
"2021-06-29 01:00:00",0,0,0,0
"2021-06-29 02:00:00",0,0,0,0
"2021-06-29 03:00:00",0,0,0,0
"2021-06-29 04:00:00",0,0,0,0
"2021-06-29 05:00:00",0,0,0,0
"2021-06-29 06:00:00",0,0,0,0
"2021-06-29 07:00:00",0,0,0,0
"2021-06-29 08:00:00",0,0,0,0
"2021-06-29 09:00:00",0,0,0,0
"2021-06-29 10:00:00",0,0,0,0
"2021-06-29 11:00:00",0,0,0,0
"2021-06-29 12:00:00",0,0,0,0
"2021-06-29 13:00:00",0,0,0,0
"2021-06-29 14:00:00",0,0,0,0
"2021-06-29 15:00:00",0,0,0,0
"2021-06-29 16:00:00",0,0,0,0
"2021-06-29 17:00:00",0,0,0,0
"2021-06-29 18:00:00",0,0,0,0
"2021-06-29 19:00:00",0,0,0,0
"2021-06-29 20:00:00",0,0,0,0
"2021-06-29 21:00:00",0,0,0,0
"2021-06-29 22:00:00",0,0,0,0
"2021-06-29 23:00:00",0,0,0,0
"2021-06-29 24:00:00",0,0,0,0
"2021-06-30 01:00:00",0,0,0,0
"2021-06-30 02:00:00",0,0,0,0
"2021-06-30 03:00:00",0,0,0,0
"2021-06-30 04:00:00",0,0,0,0
"2021-06-30 05:00:00",0,0,0,0
"2021-06-30 06:00:00",0,0,0,0
"2021-06-30 07:00:00",0,0,0,0
"2021-06-30 08:00:00",0,0,0,0
"2021-06-30 09:00:00",0,0,0,0
"2021-06-30 10:00:00",0,0,0,0
"2021-06-30 11:00:00",0,0,0,0
"2021-06-30 12:00:00",0,0,0,0
"2021-06-30 13:00:00",0,0,0,0
"2021-06-30 14:00:00",0,0,0,0
"2021-06-30 15:00:00",0,0,0,0
"2021-06-30 16:00:00",0,0,0,0
"2021-06-30 17:00:00",0,0,0,0
"2021-06-30 18:00:00",0,0,0,0
"2021-06-30 19:00:00",0,0,0,0
"2021-06-30 20:00:00",0,0,0,0
"2021-06-30 21:00:00",0,0,0,0
"2021-06-30 22:00:00",0,0,0,0
"2021-06-30 23:00:00",0,0,0,0
"2021-06-30 24:00:00",0,0,0,0
"2021-07-01 01:00:00",0,0,0,0
"2021-07-01 02:00:00",0,0,0,0
"2021-07-01 03:00:00",0,0,0,0
"2021-07-01 04:00:00",0,0,0,0
"2021-07-01 05:00:00",0,0,0,0
"2021-07-01 06:00:00",0,0,0,0
"2021-07-01 07:00:00",0,0,0,0
"2021-07-01 08:00:00",0,0,0,0
"2021-07-01 09:00:00",0,0,0,0
"2021-07-01 10:00:00",0,0,0,0
"2021-07-01 11:00:00",0,0,0,0
"2021-07-01 12:00:00",0,0,0,0
"2021-07-01 13:00:00",0,0,0,0
"2021-07-01 14:00:00",0,0,0,0
"2021-07-01 15:00:00",0,0,0,0
"2021-07-01 16:00:00",0,0,0,0
"2021-07-01 17:00:00",0,0,0,0
"2021-07-01 18:00:00",0,0,0,0
"2021-07-01 19:00:00",0,0,0,0
"2021-07-01 20:00:00",0,0,0,0
"2021-07-01 21:00:00",0,0,0,0
"2021-07-01 22:00:00",0,0,0,0
"2021-07-01 23:00:00",0,0,0,0
"2021-07-01 24:00:00",0,0,0,0
"2021-07-02 01:00:00",0,0,0,0
"2021-07-02 02:00:00",0,0,0,0
"2021-07-02 03:00:00",0,0,0,0
"2021-07-02 04:00:00",0,0,0,0
"2021-07-02 05:00:00",0,0,0,0
"2021-07-02 06:00:00",0,0,0,0
"2021-07-02 07:00:00",0,0,0,0
"2021-07-02 08:00:00",0,0,0,0
"2021-07-02 09:00:00",0,0,0,0
"2021-07-02 10:00:00",0,0,0,0
"2021-07-02 11:00:00",0,0,0,0
"2021-07-02 12:00:00",0,0,0,0
"2021-07-02 13:00:00",0,0,0,0
"2021-07-02 14:00:00",0,0,0,0
"2021-07-02 15:00:00",0,0,0,0
"2021-07-02 16:00:00",0,0,0,0
"2021-07-02 17:00:00",0,0,0,0
"2021-07-02 18:00:00",0,0,0,0
"2021-07-02 19:00:00",0,0,0,0
"2021-07-02 20:00:00",0,0,0,0
"2021-07-02 21:00:00",0,0,0,0
"2021-07-02 22:00:00",0,0,0,0
"2021-07-02 23:00:00",0,0,0,0
"2021-07-02 24:00:00",0,0,0,0
"2021-07-03 01:00:00",0,0,0,0
"2021-07-03 02:00:00",0,0,0,0
"2021-07-03 03:00:00",0,0,0,0
"2021-07-03 04:00:00",0,0,0,0
"2021-07-03 05:00:00",0,0,0,0
"2021-07-03 06:00:00",0,0,0,0
"2021-07-03 07:00:00",0,0,0,0
"2021-07-03 08:00:00",0,0,0,0
"2021-07-03 09:00:00",0,0,0,0
"2021-07-03 10:00:00",0,0,0,0
"2021-07-03 11:00:00",0,0,0,0
"2021-07-03 12:00:00",0,0,0,0
"2021-07-03 13:00:00",0,0,0,0
"2021-07-03 14:00:00",0,0,0,0
"2021-07-03 15:00:00",0,0,0,0
"2021-07-03 16:00:00",0,0,0,0
"2021-07-03 17:00:00",0,0,0,0
"2021-07-03 18:00:00",0,0,0,0
"2021-07-03 19:00:00",0,0,0,0
"2021-07-03 20:00:00",0,0,0,0
"2021-07-03 21:00:00",0,0,0,0
"2021-07-03 22:00:00",0,0,0,0
"2021-07-03 23:00:00",0,0,0,0
"2021-07-03 24:00:00",0,0,0,0
"2021-07-04 01:00:00",0,0,0,0
"2021-07-04 02:00:00",0,0,0,0
"2021-07-04 03:00:00",0,0,0,0
"2021-07-04 04:00:00",0,0,0,0
"2021-07-04 05:00:00",0,0,0,0
"2021-07-04 06:00:00",0,0,0,0
"2021-07-04 07:00:00",0,0,0,0
"2021-07-04 08:00:00",0,0,0,0
"2021-07-04 09:00:00",0,0,0,0
"2021-07-04 10:00:00",0,0,0,0
"2021-07-04 11:00:00",0,0,0,0
"2021-07-04 12:00:00",0,0,0,0
"2021-07-04 13:00:00",0,0,0,0
"2021-07-04 14:00:00",0,0,0,0
"2021-07-04 15:00:00",0,0,0,0
"2021-07-04 16:00:00",0,0,0,0
"2021-07-04 17:00:00",0,0,0,0
"2021-07-04 18:00:00",0,0,0,0
"2021-07-04 19:00:00",0,0,0,0
"2021-07-04 20:00:00",0,0,0,0
"2021-07-04 21:00:00",0,0,0,0
"2021-07-04 22:00:00",0,0,0,0
"2021-07-04 23:00:00",0,0,0,0
"2021-07-04 24:00:00",0,0,0,0
"2021-07-05 01:00:00",0,0,0,0
"2021-07-05 02:00:00",0,0,0,0
"2021-07-05 03:00:00",0,0,0,0
"2021-07-05 04:00:00",0,0,0,0
"2021-07-05 05:00:00",0,0,0,0
"2021-07-05 06:00:00",0,0,0,0
"2021-07-05 07:00:00",0,0,0,0
"2021-07-05 08:00:00",0,0,0,0
"2021-07-05 09:00:00",0,0,0,0
"2021-07-05 10:00:00",0,0,0,0
"2021-07-05 11:00:00",0,0,0,0
"2021-07-05 12:00:00",0,0,0,0
"2021-07-05 13:00:00",0,0,0,0
"2021-07-05 14:00:00",0,0,0,0
"2021-07-05 15:00:00",0,0,0,0
"2021-07-05 16:00:00",0,0,0,0
"2021-07-05 17:00:00",0,0,0,0
"2021-07-05 18:00:00",0,0,0,0
"2021-07-05 19:00:00",0,0,0,0
"2021-07-05 20:00:00",0,0,0,0
"2021-07-05 21:00:00",0,0,0,0
"2021-07-05 22:00:00",0,0,0,0
"2021-07-05 23:00:00",0,0,0,0
"2021-07-05 24:00:00",0,0,0,0
"2021-07-06 01:00:00",0,0,0,0
"2021-07-06 02:00:00",0,0,0,0
"2021-07-06 03:00:00",0,0,0,0
"2021-07-06 04:00:00",0,0,0,0
"2021-07-06 05:00:00",0,0,0,0
"2021-07-06 06:00:00",0,0,0,0
"2021-07-06 07:00:00",0,0,0,0
"2021-07-06 08:00:00",0,0,0,0
"2021-07-06 09:00:00",0,0,0,0
"2021-07-06 10:00:00",0,0,0,0
"2021-07-06 11:00:00",0,0,0,0
"2021-07-06 12:00:00",0,0,0,0
"2021-07-06 13:00:00",0,0,0,0
"2021-07-06 14:00:00",0,0,0,0
"2021-07-06 15:00:00",0,0,0,0
"2021-07-06 16:00:00",0,0,0,0
"2021-07-06 17:00:00",0,0,0,0
"2021-07-06 18:00:00",0,0,0,0
"2021-07-06 19:00:00",0,0,0,0
"2021-07-06 20:00:00",0,0,0,0
"2021-07-06 21:00:00",0,0,0,0
"2021-07-06 22:00:00",0,0,0,0
"2021-07-06 23:00:00",0,0,0,0
"2021-07-06 24:00:00",0,0,0,0
"2021-07-07 01:00:00",0,0,0,0
"2021-07-07 02:00:00",0,0,0,0
"2021-07-07 03:00:00",0,0,0,0
"2021-07-07 04:00:00",0,0,0,0
"2021-07-07 05:00:00",0,0,0,0
"2021-07-07 06:00:00",0,0,0,0
"2021-07-07 07:00:00",0,0,0,0
"2021-07-07 08:00:00",0,0,0,0
"2021-07-07 09:00:00",0,0,0,0
"2021-07-07 10:00:00",0,0,0,0
"2021-07-07 11:00:00",0,0,0,0
"2021-07-07 12:00:00",0,0,0,0
"2021-07-07 13:00:00",0,0,0,0
"2021-07-07 14:00:00",0,0,0,0
"2021-07-07 15:00:00",0,0,0,0
"2021-07-07 16:00:00",0,0,0,0
"2021-07-07 17:00:00",0,0,0,0
"2021-07-07 18:00:00",0,0,0,0
"2021-07-07 19:00:00",0,0,0,0
"2021-07-07 20:00:00",0,0,0,0
"2021-07-07 21:00:00",0,0,0,0
"2021-07-07 22:00:00",0,0,0,0
"2021-07-07 23:00:00",0,0,0,0
"2021-07-07 24:00:00",0,0,0,0
"2021-07-08 01:00:00",0,0,0,0
"2021-07-08 02:00:00",0,0,0,0
"2021-07-08 03:00:00",0,0,0,0
"2021-07-08 04:00:00",0,0,0,0
"2021-07-08 05:00:00",0,0,0,0
"2021-07-08 06:00:00",0,0,0,0
"2021-07-08 07:00:00",0,0,0,0
"2021-07-08 08:00:00",0,0,0,0
"2021-07-08 09:00:00",0,0,0,0
"2021-07-08 10:00:00",0,0,0,0
"2021-07-08 11:00:00",0,0,0,0
"2021-07-08 12:00:00",0,0,0,0
"2021-07-08 13:00:00",0,0,0,0
"2021-07-08 14:00:00",0,0,0,0
"2021-07-08 15:00:00",0,0,0,0
"2021-07-08 16:00:00",0,0,0,0
"2021-07-08 17:00:00",0,0,0,0
"2021-07-08 18:00:00",0,0,0,0
"2021-07-08 19:00:00",0,0,0,0
"2021-07-08 20:00:00",0,0,0,0
"2021-07-08 21:00:00",0,0,0,0
"2021-07-08 22:00:00",0,0,0,0
"2021-07-08 23:00:00",0,0,0,0
"2021-07-08 24:00:00",0,0,0,0
